customer_id,tenure_months,monthly_charges,total_charges,contract_type,payment_method,internet_service,num_support_tickets,avg_monthly_gb,is_senior,has_dependents,churned
CUST-00001,14,25.33,344.91,two_year,bank_transfer,fiber_optic,1,181.1,0,0,0
CUST-00002,52,68.9,3631.93,month_to_month,electronic_check,fiber_optic,0,152.3,1,0,0
CUST-00003,11,60.5,672.15,two_year,electronic_check,dsl,0,141.8,1,0,1
CUST-00004,63,27.82,1737.45,month_to_month,bank_transfer,none,0,,0,0,0
CUST-00005,72,40.84,3021.26,month_to_month,electronic_check,none,4,,0,1,0
CUST-00006,43,38.26,1676.84,two_year,electronic_check,dsl,1,89.4,0,0,0
CUST-00007,11,107.62,1201.22,month_to_month,credit_card,dsl,0,164.0,0,1,1
CUST-00008,50,49.16,2396.5,month_to_month,credit_card,dsl,1,23.4,0,0,0
CUST-00009,31,57.42,1785.18,month_to_month,electronic_check,dsl,1,113.7,0,0,1
CUST-00010,53,37.19,1949.72,one_year,bank_transfer,fiber_optic,2,77.3,0,0,0
CUST-00011,10,111.68,1127.28,month_to_month,credit_card,dsl,1,105.7,0,0,1
CUST-00012,31,50.54,1607.74,one_year,credit_card,none,1,,1,0,0
CUST-00013,56,116.73,6679.44,month_to_month,credit_card,fiber_optic,2,98.8,1,0,0
CUST-00014,53,74.44,3893.89,month_to_month,credit_card,dsl,0,200.7,0,0,0
CUST-00015,21,59.59,1273.97,one_year,credit_card,fiber_optic,2,133.8,0,0,0
CUST-00016,39,104.16,4113.05,month_to_month,electronic_check,dsl,2,26.7,0,1,0
CUST-00017,30,49.49,1514.09,one_year,credit_card,dsl,5,117.7,0,0,0
CUST-00018,24,70.46,1655.24,one_year,mailed_check,fiber_optic,0,16.7,0,1,0
CUST-00019,31,27.96,875.33,two_year,bank_transfer,fiber_optic,1,120.7,0,1,0
CUST-00020,49,71.29,3505.97,month_to_month,bank_transfer,fiber_optic,2,67.9,0,0,0
CUST-00021,8,44.88,352.58,month_to_month,mailed_check,dsl,3,263.2,0,1,1
CUST-00022,55,104.93,5728.14,one_year,electronic_check,fiber_optic,1,109.8,1,0,0
CUST-00023,67,86.57,5920.63,month_to_month,mailed_check,fiber_optic,0,39.8,0,0,0
CUST-00024,43,103.65,4374.57,one_year,credit_card,dsl,0,75.4,1,0,0
CUST-00025,6,97.13,580.46,month_to_month,credit_card,none,1,,0,1,1
CUST-00026,46,86.8,3972.5,month_to_month,credit_card,dsl,1,120.8,0,0,0
CUST-00027,9,67.05,619.93,month_to_month,credit_card,dsl,2,81.3,0,0,1
CUST-00028,12,108.75,1339.4,month_to_month,electronic_check,none,1,,0,0,1
CUST-00029,25,98.29,2430.39,one_year,credit_card,dsl,0,33.2,0,0,0
CUST-00030,22,36.73,802.08,one_year,mailed_check,dsl,4,105.3,0,0,0
CUST-00031,64,76.58,4909.44,month_to_month,mailed_check,none,5,,0,0,0
CUST-00032,54,96.44,5358.43,month_to_month,mailed_check,none,2,,0,0,0
CUST-00033,71,117.31,8118.78,month_to_month,credit_card,fiber_optic,1,115.8,0,0,0
CUST-00034,3,108.06,315.77,month_to_month,bank_transfer,none,4,,0,0,1
CUST-00035,9,33.12,304.2,month_to_month,bank_transfer,fiber_optic,3,51.0,1,0,1
CUST-00036,19,51.31,967.21,month_to_month,credit_card,dsl,1,124.7,0,0,0
CUST-00037,59,56.28,3344.43,month_to_month,mailed_check,fiber_optic,3,168.0,0,0,0
CUST-00038,46,50.63,2289.53,month_to_month,bank_transfer,dsl,1,78.7,0,0,0
CUST-00039,8,63.18,504.99,month_to_month,credit_card,fiber_optic,3,166.5,0,0,1
CUST-00040,26,81.24,2050.83,month_to_month,bank_transfer,dsl,3,94.0,0,0,1
CUST-00041,49,112.46,5561.66,two_year,electronic_check,fiber_optic,2,107.1,0,0,1
CUST-00042,32,107.11,3483.09,month_to_month,electronic_check,fiber_optic,2,165.6,1,1,1
CUST-00043,8,66.15,542.64,one_year,bank_transfer,none,1,,0,0,0
CUST-00044,51,106.21,5543.27,two_year,credit_card,fiber_optic,1,36.1,0,1,0
CUST-00045,40,93.64,3711.77,month_to_month,credit_card,none,3,,0,1,0
CUST-00046,55,76.49,4105.69,month_to_month,credit_card,fiber_optic,3,322.9,1,0,0
CUST-00047,52,35.54,1897.15,month_to_month,mailed_check,none,1,,0,0,0
CUST-00048,4,18.88,74.16,two_year,bank_transfer,fiber_optic,0,183.8,0,1,0
CUST-00049,61,72.25,4345.63,two_year,electronic_check,fiber_optic,1,77.8,0,1,0
CUST-00050,15,118.68,1755.59,two_year,bank_transfer,fiber_optic,2,42.6,0,0,0
CUST-00051,32,110.83,3523.33,one_year,mailed_check,none,1,,1,0,0
CUST-00052,18,102.24,1864.65,month_to_month,mailed_check,fiber_optic,2,73.1,0,0,1
CUST-00053,43,83.53,3534.41,two_year,credit_card,none,1,,0,0,0
CUST-00054,47,25.51,1209.84,month_to_month,electronic_check,dsl,1,96.3,0,1,0
CUST-00055,28,65.26,1829.66,one_year,bank_transfer,fiber_optic,2,53.4,0,0,0
CUST-00056,61,23.15,1373.37,one_year,mailed_check,dsl,2,81.4,0,0,0
CUST-00057,8,82.79,649.59,two_year,mailed_check,fiber_optic,1,33.0,0,0,0
CUST-00058,15,106.29,1569.28,month_to_month,mailed_check,dsl,2,128.0,0,1,0
CUST-00059,59,48.47,2842.68,one_year,bank_transfer,dsl,1,81.2,1,0,0
CUST-00060,54,36.15,1898.68,one_year,bank_transfer,fiber_optic,0,151.7,0,0,0
CUST-00061,21,61.6,1298.37,one_year,mailed_check,none,1,,0,0,1
CUST-00062,54,82.29,4449.44,one_year,credit_card,fiber_optic,2,66.4,0,0,0
CUST-00063,67,56.79,3836.19,month_to_month,credit_card,fiber_optic,4,201.0,0,0,0
CUST-00064,12,103.26,1233.34,month_to_month,mailed_check,fiber_optic,1,33.5,0,0,1
CUST-00065,44,115.89,5214.21,month_to_month,credit_card,fiber_optic,1,25.6,0,0,0
CUST-00066,59,48.38,2874.4,two_year,mailed_check,dsl,2,90.0,0,0,0
CUST-00067,64,118.1,7730.4,month_to_month,bank_transfer,fiber_optic,0,114.9,0,1,1
CUST-00068,61,109.45,6862.13,month_to_month,credit_card,fiber_optic,1,46.0,0,0,1
CUST-00069,34,91.86,3112.13,one_year,bank_transfer,dsl,1,50.1,0,0,0
CUST-00070,5,107.58,523.84,month_to_month,electronic_check,fiber_optic,0,105.9,0,0,1
CUST-00071,15,72.74,1103.84,one_year,bank_transfer,dsl,2,97.3,0,1,0
CUST-00072,9,33.16,292.5,month_to_month,electronic_check,dsl,2,63.8,0,0,1
CUST-00073,17,82.59,1430.53,two_year,credit_card,fiber_optic,2,141.2,0,1,0
CUST-00074,42,40.09,1668.44,month_to_month,electronic_check,dsl,3,124.7,0,0,0
CUST-00075,46,90.95,4108.14,month_to_month,electronic_check,fiber_optic,2,33.3,0,0,0
CUST-00076,54,83.17,4524.23,one_year,bank_transfer,fiber_optic,2,97.9,0,0,0
CUST-00077,70,26.14,1783.92,month_to_month,electronic_check,dsl,1,19.6,1,0,0
CUST-00078,61,33.81,2113.85,month_to_month,credit_card,dsl,0,25.8,0,1,0
CUST-00079,19,84.72,1626.96,month_to_month,bank_transfer,dsl,0,88.6,0,0,0
CUST-00080,34,21.27,727.28,month_to_month,credit_card,fiber_optic,1,113.9,0,1,0
CUST-00081,35,38.18,1297.62,month_to_month,credit_card,dsl,3,137.4,0,0,0
CUST-00082,21,82.15,1702.72,month_to_month,electronic_check,dsl,0,257.0,0,0,0
CUST-00083,55,105.6,5739.68,month_to_month,credit_card,none,2,,1,0,0
CUST-00084,72,45.83,3308.34,month_to_month,electronic_check,fiber_optic,1,151.2,0,1,0
CUST-00085,15,26.93,397.67,month_to_month,bank_transfer,none,1,,0,0,0
CUST-00086,46,89.47,4158.65,month_to_month,credit_card,fiber_optic,1,80.9,0,0,0
CUST-00087,14,40.21,571.81,month_to_month,credit_card,dsl,1,126.8,0,1,0
CUST-00088,25,38.15,981.95,one_year,electronic_check,fiber_optic,2,119.0,0,0,0
CUST-00089,26,109.89,2875.61,one_year,electronic_check,dsl,1,68.5,0,0,0
CUST-00090,45,77.47,3493.55,two_year,credit_card,dsl,0,314.8,0,0,0
CUST-00091,18,81.57,1467.88,one_year,credit_card,fiber_optic,2,121.3,0,1,1
CUST-00092,63,89.72,5618.91,month_to_month,credit_card,dsl,3,83.9,0,0,0
CUST-00093,49,25.6,1222.19,month_to_month,mailed_check,dsl,3,92.4,0,0,0
CUST-00094,46,114.91,5165.59,month_to_month,mailed_check,none,1,,0,0,1
CUST-00095,58,44.66,2640.05,month_to_month,bank_transfer,dsl,0,202.0,0,0,0
CUST-00096,31,29.27,933.97,one_year,bank_transfer,fiber_optic,1,219.2,0,0,0
CUST-00097,37,80.43,3032.79,month_to_month,electronic_check,fiber_optic,3,39.6,0,0,0
CUST-00098,14,89.06,1240.86,two_year,electronic_check,fiber_optic,2,117.3,0,0,1
CUST-00099,58,48.72,2832.21,two_year,credit_card,none,1,,0,0,0
CUST-00100,46,69.26,3203.95,one_year,credit_card,dsl,2,184.4,0,0,0
CUST-00101,10,62.72,642.51,month_to_month,electronic_check,dsl,2,200.2,1,0,1
CUST-00102,29,101.73,2979.34,one_year,electronic_check,fiber_optic,1,128.1,0,0,0
CUST-00103,6,27.59,169.86,month_to_month,bank_transfer,none,3,,0,0,1
CUST-00104,62,43.18,2607.82,one_year,credit_card,dsl,1,299.9,0,0,0
CUST-00105,43,98.47,4357.26,month_to_month,mailed_check,dsl,2,44.3,0,0,0
CUST-00106,44,55.55,2442.19,two_year,mailed_check,fiber_optic,1,240.3,0,1,0
CUST-00107,67,96.55,6310.18,month_to_month,credit_card,fiber_optic,2,56.8,0,0,1
CUST-00108,5,31.07,155.78,month_to_month,electronic_check,fiber_optic,1,91.7,1,0,1
CUST-00109,62,27.16,1681.86,one_year,mailed_check,fiber_optic,1,28.4,1,0,0
CUST-00110,51,94.57,4702.94,one_year,credit_card,dsl,4,67.2,0,0,0
CUST-00111,68,70.13,4908.85,two_year,credit_card,none,3,,0,1,0
CUST-00112,20,103.65,2014.78,month_to_month,credit_card,dsl,2,118.2,0,1,1
CUST-00113,23,81.64,1863.14,month_to_month,credit_card,fiber_optic,1,108.8,0,1,1
CUST-00114,61,109.96,6696.01,month_to_month,credit_card,dsl,2,125.7,0,0,0
CUST-00115,31,34.14,1086.62,one_year,credit_card,fiber_optic,0,59.5,0,0,0
CUST-00116,32,86.11,2694.94,month_to_month,mailed_check,none,4,,0,0,0
CUST-00117,48,69.67,3400.33,two_year,electronic_check,fiber_optic,1,53.4,0,0,0
CUST-00118,69,116.14,7886.68,month_to_month,mailed_check,fiber_optic,3,149.6,1,0,0
CUST-00119,41,48.37,2039.45,two_year,mailed_check,none,2,,0,0,0
CUST-00120,44,28.51,1221.64,one_year,bank_transfer,fiber_optic,0,68.4,0,0,0
CUST-00121,38,97.76,3787.05,two_year,credit_card,none,1,,1,0,0
CUST-00122,55,27.22,1474.23,two_year,bank_transfer,fiber_optic,0,168.0,0,1,0
CUST-00123,61,35.13,2174.36,month_to_month,bank_transfer,dsl,1,32.7,1,0,0
CUST-00124,34,66.72,2257.95,one_year,bank_transfer,dsl,2,151.7,0,0,0
CUST-00125,20,94.87,1951.31,month_to_month,bank_transfer,dsl,1,116.9,0,0,1
CUST-00126,31,98.14,3114.33,month_to_month,bank_transfer,dsl,1,183.6,0,0,0
CUST-00127,16,102.14,1603.48,month_to_month,credit_card,dsl,0,129.2,0,0,1
CUST-00128,56,113.13,6440.67,month_to_month,mailed_check,fiber_optic,2,85.7,0,0,1
CUST-00129,47,114.06,5382.18,month_to_month,bank_transfer,none,3,,0,0,0
CUST-00130,71,96.31,6778.84,one_year,credit_card,fiber_optic,4,203.8,0,1,0
CUST-00131,71,100.65,7245.03,two_year,electronic_check,fiber_optic,2,132.5,0,0,0
CUST-00132,60,54.17,3189.05,two_year,mailed_check,fiber_optic,1,82.5,0,0,0
CUST-00133,45,46.88,2150.37,two_year,electronic_check,dsl,2,87.6,1,0,0
CUST-00134,32,80.65,2642.76,month_to_month,bank_transfer,dsl,0,113.9,0,0,0
CUST-00135,49,61.55,2940.81,one_year,credit_card,none,4,,0,0,0
CUST-00136,54,97.69,5337.89,one_year,electronic_check,fiber_optic,1,33.3,1,0,0
CUST-00137,27,106.13,2844.22,month_to_month,credit_card,fiber_optic,2,161.6,0,0,1
CUST-00138,21,74.16,1549.85,one_year,electronic_check,fiber_optic,1,124.0,0,0,0
CUST-00139,58,103.39,6063.99,month_to_month,electronic_check,dsl,2,112.7,0,0,1
CUST-00140,30,71.43,2108.05,month_to_month,electronic_check,dsl,3,84.5,0,0,1
CUST-00141,24,53.59,1321.29,month_to_month,bank_transfer,none,4,,1,0,1
CUST-00142,58,50.41,2860.88,two_year,bank_transfer,fiber_optic,1,68.3,0,1,0
CUST-00143,23,105.46,2486.86,month_to_month,electronic_check,dsl,1,61.6,0,0,1
CUST-00144,69,70.06,4882.5,month_to_month,electronic_check,fiber_optic,0,81.7,0,0,0
CUST-00145,40,78.22,3161.63,month_to_month,electronic_check,none,2,,0,1,0
CUST-00146,48,99.95,4672.86,month_to_month,bank_transfer,none,2,,0,0,0
CUST-00147,64,62.03,4088.6,one_year,credit_card,fiber_optic,2,80.1,0,0,0
CUST-00148,57,66.94,3918.81,two_year,electronic_check,fiber_optic,4,53.3,0,1,0
CUST-00149,64,66.18,4326.85,month_to_month,mailed_check,fiber_optic,2,115.8,0,0,0
CUST-00150,52,105.66,5396.82,one_year,mailed_check,fiber_optic,1,62.9,0,1,0
CUST-00151,64,38.5,2537.04,month_to_month,mailed_check,none,2,,0,0,0
CUST-00152,71,47.35,3409.84,one_year,electronic_check,fiber_optic,1,199.1,0,0,0
CUST-00153,47,94.36,4370.19,month_to_month,credit_card,dsl,1,155.9,1,0,1
CUST-00154,62,99.45,6052.55,month_to_month,electronic_check,dsl,1,47.3,0,1,0
CUST-00155,19,25.97,497.32,one_year,bank_transfer,dsl,1,109.9,0,0,0
CUST-00156,47,79.68,3707.37,one_year,electronic_check,dsl,3,109.3,0,1,0
CUST-00157,2,21.52,44.1,two_year,mailed_check,none,3,,1,1,0
CUST-00158,43,101.96,4485.41,month_to_month,electronic_check,fiber_optic,4,203.3,0,1,0
CUST-00159,72,108.3,7610.76,two_year,credit_card,dsl,3,128.3,0,0,0
CUST-00160,32,68.47,2172.82,month_to_month,mailed_check,fiber_optic,0,59.3,0,0,0
CUST-00161,41,41.36,1675.46,one_year,mailed_check,fiber_optic,0,50.9,0,0,0
CUST-00162,42,75.03,3097.99,one_year,electronic_check,fiber_optic,0,122.7,0,1,0
CUST-00163,13,83.7,1064.42,month_to_month,credit_card,fiber_optic,1,191.4,0,0,1
CUST-00164,69,69.55,4801.71,month_to_month,mailed_check,fiber_optic,1,218.0,0,1,0
CUST-00165,17,19.77,341.63,month_to_month,electronic_check,none,1,,0,1,1
CUST-00166,69,49.05,3321.6,two_year,electronic_check,dsl,1,72.0,0,1,0
CUST-00167,33,72.96,2443.78,one_year,electronic_check,dsl,1,34.1,0,1,0
CUST-00168,71,114.01,8234.89,month_to_month,bank_transfer,fiber_optic,4,43.1,0,0,0
CUST-00169,65,93.67,6055.07,month_to_month,electronic_check,none,3,,0,1,1
CUST-00170,46,21.05,985.24,one_year,mailed_check,none,3,,1,0,0
CUST-00171,36,83.85,2929.26,month_to_month,electronic_check,none,0,,0,0,0
CUST-00172,8,115.53,934.35,month_to_month,electronic_check,fiber_optic,2,124.9,1,1,1
CUST-00173,19,41.47,794.72,two_year,electronic_check,none,3,,1,0,0
CUST-00174,68,85.9,5873.14,month_to_month,electronic_check,dsl,0,101.3,0,1,0
CUST-00175,42,27.35,1130.74,one_year,electronic_check,dsl,2,44.5,0,0,0
CUST-00176,25,45.0,1113.51,one_year,credit_card,dsl,1,104.7,0,0,0
CUST-00177,9,56.38,506.69,month_to_month,bank_transfer,fiber_optic,0,40.3,0,0,1
CUST-00178,49,62.27,3003.25,month_to_month,mailed_check,fiber_optic,1,86.2,0,1,0
CUST-00179,8,115.24,927.57,one_year,electronic_check,dsl,0,66.0,0,0,1
CUST-00180,6,54.0,329.07,month_to_month,bank_transfer,fiber_optic,3,34.6,0,0,1
CUST-00181,30,88.92,2611.97,month_to_month,electronic_check,fiber_optic,0,110.9,0,0,1
CUST-00182,48,78.08,3781.04,month_to_month,bank_transfer,fiber_optic,3,251.5,0,1,0
CUST-00183,51,21.11,1061.33,month_to_month,bank_transfer,fiber_optic,1,24.6,0,0,0
CUST-00184,43,56.7,2385.37,month_to_month,bank_transfer,fiber_optic,3,172.8,0,0,0
CUST-00185,20,103.81,2127.49,month_to_month,electronic_check,fiber_optic,3,251.9,1,0,1
CUST-00186,62,105.74,6541.81,month_to_month,bank_transfer,fiber_optic,0,187.6,0,0,0
CUST-00187,16,87.74,1404.54,month_to_month,electronic_check,fiber_optic,0,16.9,0,0,1
CUST-00188,52,65.72,3519.21,one_year,electronic_check,fiber_optic,3,172.4,0,1,0
CUST-00189,7,33.33,231.85,month_to_month,mailed_check,none,2,,0,0,0
CUST-00190,37,20.36,760.25,one_year,electronic_check,fiber_optic,3,118.0,0,0,0
CUST-00191,72,61.56,4357.21,month_to_month,bank_transfer,fiber_optic,2,109.8,0,0,0
CUST-00192,12,44.7,546.74,two_year,bank_transfer,dsl,2,146.0,0,1,0
CUST-00193,60,98.34,5974.84,two_year,bank_transfer,dsl,0,50.3,0,0,0
CUST-00194,48,31.66,1542.45,month_to_month,bank_transfer,dsl,1,31.3,0,1,1
CUST-00195,15,111.43,1692.08,one_year,credit_card,fiber_optic,2,129.5,0,0,1
CUST-00196,36,86.46,3104.54,month_to_month,electronic_check,none,0,,0,1,0
CUST-00197,30,61.68,1875.78,one_year,electronic_check,fiber_optic,0,92.6,0,0,1
CUST-00198,17,25.18,428.48,one_year,electronic_check,fiber_optic,1,136.2,0,0,1
CUST-00199,21,105.82,2259.85,month_to_month,electronic_check,none,0,,0,0,1
CUST-00200,39,46.18,1825.62,month_to_month,credit_card,fiber_optic,1,142.3,0,0,1
CUST-00201,34,105.82,3636.76,month_to_month,bank_transfer,fiber_optic,1,79.9,1,1,0
CUST-00202,25,51.08,1252.26,two_year,mailed_check,dsl,0,147.0,0,1,0
CUST-00203,6,116.47,713.68,one_year,electronic_check,fiber_optic,3,127.6,0,0,1
CUST-00204,51,31.79,1600.0,month_to_month,credit_card,none,1,,0,1,0
CUST-00205,26,89.72,2268.49,month_to_month,electronic_check,fiber_optic,1,129.2,0,1,0
CUST-00206,20,66.0,1315.78,month_to_month,mailed_check,fiber_optic,1,91.8,0,0,0
CUST-00207,34,98.04,3360.78,one_year,bank_transfer,dsl,1,77.0,0,0,1
CUST-00208,65,52.12,3385.53,month_to_month,bank_transfer,fiber_optic,1,143.8,0,0,0
CUST-00209,62,22.54,1435.95,month_to_month,electronic_check,fiber_optic,3,129.0,0,1,0
CUST-00210,5,96.18,484.56,month_to_month,electronic_check,fiber_optic,2,348.0,0,0,1
CUST-00211,20,83.58,1657.84,month_to_month,electronic_check,fiber_optic,1,177.8,0,0,1
CUST-00212,10,41.24,411.7,month_to_month,credit_card,dsl,0,30.8,0,0,0
CUST-00213,52,103.26,5356.86,one_year,bank_transfer,dsl,3,74.4,1,0,0
CUST-00214,34,115.74,4015.1,month_to_month,bank_transfer,dsl,0,67.2,0,0,0
CUST-00215,3,29.14,89.15,month_to_month,electronic_check,fiber_optic,0,100.5,0,1,0
CUST-00216,38,25.79,988.25,month_to_month,electronic_check,none,2,,1,0,0
CUST-00217,28,105.45,2927.03,month_to_month,credit_card,fiber_optic,2,73.8,0,0,0
CUST-00218,27,27.98,749.87,month_to_month,credit_card,dsl,2,52.3,0,0,0
CUST-00219,25,35.7,887.12,month_to_month,credit_card,dsl,2,258.0,0,0,0
CUST-00220,69,97.28,6896.86,month_to_month,credit_card,none,0,,0,0,0
CUST-00221,63,49.88,3180.03,two_year,credit_card,dsl,0,192.3,0,0,0
CUST-00222,36,32.94,1180.36,month_to_month,electronic_check,none,0,,0,0,0
CUST-00223,70,72.31,4942.72,one_year,electronic_check,dsl,3,64.4,0,0,0
CUST-00224,67,51.04,3419.04,month_to_month,electronic_check,none,3,,0,1,0
CUST-00225,9,118.72,1040.24,month_to_month,credit_card,fiber_optic,2,27.8,0,0,1
CUST-00226,17,67.56,1121.56,month_to_month,bank_transfer,fiber_optic,2,68.9,0,1,0
CUST-00227,66,82.76,5475.58,month_to_month,credit_card,fiber_optic,0,131.3,0,1,0
CUST-00228,27,93.08,2448.21,month_to_month,electronic_check,dsl,1,62.3,0,0,1
CUST-00229,2,117.56,230.34,two_year,credit_card,dsl,1,96.8,1,0,0
CUST-00230,33,36.96,1209.59,two_year,electronic_check,dsl,1,233.8,0,0,0
CUST-00231,54,105.54,5865.6,month_to_month,electronic_check,fiber_optic,1,94.6,0,0,0
CUST-00232,49,102.45,4911.95,month_to_month,credit_card,fiber_optic,1,46.4,0,0,0
CUST-00233,53,86.81,4708.55,one_year,credit_card,none,1,,0,0,0
CUST-00234,50,83.91,4121.83,month_to_month,electronic_check,fiber_optic,1,42.3,0,1,1
CUST-00235,34,31.11,1067.66,two_year,electronic_check,dsl,5,107.3,0,0,0
CUST-00236,6,41.34,241.23,one_year,electronic_check,dsl,2,251.2,0,0,1
CUST-00237,26,52.72,1387.91,month_to_month,mailed_check,fiber_optic,1,96.9,0,0,0
CUST-00238,18,112.25,2068.53,month_to_month,bank_transfer,dsl,0,102.7,0,1,0
CUST-00239,41,67.44,2836.12,month_to_month,bank_transfer,dsl,1,280.5,0,0,0
CUST-00240,33,73.51,2455.29,month_to_month,bank_transfer,dsl,2,250.2,0,0,0
CUST-00241,25,87.05,2165.21,two_year,bank_transfer,fiber_optic,1,46.6,0,1,0
CUST-00242,31,76.74,2378.98,month_to_month,electronic_check,dsl,1,96.6,0,0,1
CUST-00243,42,54.5,2338.93,month_to_month,electronic_check,fiber_optic,1,69.7,0,1,0
CUST-00244,35,19.39,671.87,two_year,electronic_check,dsl,1,80.8,0,1,0
CUST-00245,29,25.75,748.22,month_to_month,electronic_check,none,2,,0,1,0
CUST-00246,2,39.51,78.46,one_year,bank_transfer,fiber_optic,0,153.6,1,1,0
CUST-00247,54,115.74,6289.33,month_to_month,credit_card,dsl,3,159.3,0,1,1
CUST-00248,14,53.3,742.88,month_to_month,electronic_check,dsl,2,60.9,0,1,0
CUST-00249,54,75.0,4019.7,one_year,bank_transfer,dsl,2,140.8,0,0,0
CUST-00250,53,58.43,3179.83,month_to_month,electronic_check,fiber_optic,2,114.6,0,0,0
CUST-00251,35,36.02,1224.25,two_year,electronic_check,fiber_optic,2,113.2,0,0,0
CUST-00252,70,94.71,6603.45,two_year,bank_transfer,none,0,,0,0,0
CUST-00253,58,22.26,1257.68,month_to_month,electronic_check,dsl,2,236.8,0,1,0
CUST-00254,19,117.79,2205.19,month_to_month,credit_card,fiber_optic,2,51.4,0,0,1
CUST-00255,5,30.29,147.67,two_year,mailed_check,fiber_optic,0,128.2,0,0,0
CUST-00256,17,32.69,544.23,month_to_month,electronic_check,fiber_optic,3,260.2,0,0,1
CUST-00257,30,55.38,1673.84,month_to_month,electronic_check,fiber_optic,3,73.6,1,1,1
CUST-00258,66,83.57,5480.1,one_year,electronic_check,fiber_optic,1,149.0,0,0,0
CUST-00259,5,42.94,209.86,month_to_month,credit_card,fiber_optic,0,92.6,0,1,1
CUST-00260,30,22.28,668.89,month_to_month,credit_card,dsl,1,106.4,0,0,0
CUST-00261,7,94.03,642.23,month_to_month,credit_card,fiber_optic,0,172.2,0,0,1
CUST-00262,23,111.05,2502.5,one_year,electronic_check,none,1,,0,0,0
CUST-00263,16,21.19,348.58,one_year,mailed_check,dsl,1,217.9,0,0,0
CUST-00264,41,42.17,1755.09,month_to_month,electronic_check,none,0,,0,0,0
CUST-00265,23,100.38,2342.95,month_to_month,mailed_check,dsl,0,168.0,0,0,0
CUST-00266,71,79.54,5589.46,two_year,electronic_check,dsl,0,164.2,0,0,0
CUST-00267,26,75.42,2010.27,month_to_month,electronic_check,fiber_optic,1,153.7,0,0,0
CUST-00268,11,75.03,844.45,month_to_month,bank_transfer,fiber_optic,0,50.1,0,1,1
CUST-00269,56,21.1,1191.36,month_to_month,electronic_check,none,3,,0,0,0
CUST-00270,40,82.62,3245.72,month_to_month,electronic_check,fiber_optic,2,243.4,0,0,1
CUST-00271,69,35.58,2388.7,month_to_month,electronic_check,dsl,5,51.9,0,0,1
CUST-00272,33,78.27,2539.01,one_year,credit_card,none,3,,0,0,0
CUST-00273,10,42.72,419.91,month_to_month,electronic_check,fiber_optic,2,99.3,0,1,1
CUST-00274,48,115.56,5586.47,two_year,credit_card,dsl,4,22.6,0,1,0
CUST-00275,38,55.09,2152.48,month_to_month,credit_card,fiber_optic,2,198.6,1,0,1
CUST-00276,28,96.34,2638.83,month_to_month,bank_transfer,none,2,,0,1,0
CUST-00277,54,62.01,3378.83,two_year,credit_card,none,4,,0,0,0
CUST-00278,32,109.4,3485.72,month_to_month,credit_card,none,2,,0,1,0
CUST-00279,70,55.6,3789.21,month_to_month,mailed_check,dsl,0,111.6,0,0,0
CUST-00280,59,82.01,4883.92,month_to_month,electronic_check,fiber_optic,5,78.0,0,1,0
CUST-00281,32,78.88,2498.61,month_to_month,electronic_check,dsl,2,105.3,0,0,1
CUST-00282,6,22.31,133.33,month_to_month,bank_transfer,fiber_optic,4,153.3,0,1,1
CUST-00283,43,115.39,4905.55,one_year,bank_transfer,dsl,1,63.3,0,0,0
CUST-00284,19,59.75,1108.0,two_year,electronic_check,fiber_optic,5,89.4,0,0,0
CUST-00285,28,24.68,682.28,one_year,bank_transfer,fiber_optic,1,122.1,1,1,0
CUST-00286,57,18.86,1097.81,two_year,electronic_check,dsl,0,86.9,0,0,0
CUST-00287,9,47.57,416.29,one_year,electronic_check,dsl,3,132.1,0,1,1
CUST-00288,68,48.03,3337.42,month_to_month,credit_card,fiber_optic,3,141.0,0,0,0
CUST-00289,25,79.59,1944.75,month_to_month,bank_transfer,fiber_optic,3,119.5,0,1,0
CUST-00290,12,92.88,1146.69,one_year,electronic_check,dsl,5,129.9,0,0,0
CUST-00291,17,98.34,1630.1,month_to_month,electronic_check,fiber_optic,1,104.0,0,1,1
CUST-00292,24,50.08,1205.13,month_to_month,bank_transfer,none,2,,0,1,0
CUST-00293,19,40.21,741.69,month_to_month,electronic_check,fiber_optic,3,118.9,0,0,1
CUST-00294,32,64.99,2125.34,month_to_month,bank_transfer,fiber_optic,0,124.6,0,0,0
CUST-00295,33,51.04,1731.75,month_to_month,electronic_check,dsl,4,82.2,1,0,0
CUST-00296,11,98.01,1061.38,one_year,mailed_check,dsl,0,169.4,0,0,0
CUST-00297,62,117.11,7256.9,two_year,bank_transfer,fiber_optic,0,101.1,0,1,0
CUST-00298,46,39.92,1794.23,one_year,bank_transfer,dsl,0,129.3,0,1,0
CUST-00299,42,115.65,4775.3,month_to_month,bank_transfer,none,1,,0,1,0
CUST-00300,6,73.61,440.37,month_to_month,credit_card,dsl,1,110.0,0,1,0
CUST-00301,23,52.68,1185.11,two_year,credit_card,dsl,1,170.9,0,0,0
CUST-00302,48,30.75,1463.58,two_year,electronic_check,dsl,1,123.0,0,0,0
CUST-00303,3,35.01,103.63,one_year,bank_transfer,fiber_optic,1,89.5,1,0,0
CUST-00304,35,63.82,2298.64,month_to_month,electronic_check,dsl,3,69.2,0,0,1
CUST-00305,40,64.49,2509.64,month_to_month,mailed_check,dsl,0,261.1,1,0,0
CUST-00306,51,90.42,4537.3,month_to_month,electronic_check,none,0,,0,0,0
CUST-00307,5,116.68,569.22,one_year,electronic_check,dsl,0,211.7,0,1,0
CUST-00308,4,30.65,119.75,month_to_month,electronic_check,fiber_optic,4,140.7,1,1,1
CUST-00309,71,76.47,5370.86,month_to_month,bank_transfer,none,1,,1,0,0
CUST-00310,70,96.36,6818.42,month_to_month,credit_card,none,3,,1,0,0
CUST-00311,1,116.56,,month_to_month,electronic_check,dsl,2,116.1,0,0,1
CUST-00312,41,118.05,4702.18,month_to_month,electronic_check,dsl,4,193.6,0,0,1
CUST-00313,29,30.28,898.58,month_to_month,electronic_check,dsl,2,173.0,0,0,0
CUST-00314,14,45.02,618.33,month_to_month,credit_card,fiber_optic,3,119.7,1,0,0
CUST-00315,29,60.41,1752.15,one_year,credit_card,fiber_optic,2,54.6,0,1,0
CUST-00316,62,21.36,1349.0,one_year,mailed_check,fiber_optic,1,180.8,0,0,0
CUST-00317,61,28.45,1738.37,month_to_month,bank_transfer,fiber_optic,2,328.2,0,0,0
CUST-00318,3,110.32,322.33,two_year,electronic_check,fiber_optic,0,59.5,0,0,1
CUST-00319,35,45.78,1635.16,month_to_month,bank_transfer,fiber_optic,1,153.2,0,0,0
CUST-00320,54,65.78,3447.77,one_year,mailed_check,none,0,,0,1,0
CUST-00321,9,31.98,293.08,month_to_month,bank_transfer,none,2,,0,1,0
CUST-00322,45,105.03,4745.78,month_to_month,electronic_check,fiber_optic,3,69.7,0,1,1
CUST-00323,19,70.31,1333.76,two_year,bank_transfer,fiber_optic,5,67.6,0,0,1
CUST-00324,45,76.19,3335.21,month_to_month,mailed_check,dsl,1,84.1,0,0,0
CUST-00325,28,76.75,2190.1,one_year,electronic_check,dsl,0,109.0,0,0,0
CUST-00326,9,72.18,648.08,month_to_month,mailed_check,dsl,7,51.6,0,0,1
CUST-00327,45,82.9,3642.85,one_year,electronic_check,fiber_optic,3,188.6,1,1,0
CUST-00328,48,29.03,1352.02,month_to_month,bank_transfer,none,2,,0,0,0
CUST-00329,72,114.23,8374.39,one_year,electronic_check,fiber_optic,1,21.4,0,0,0
CUST-00330,63,69.0,4346.39,month_to_month,bank_transfer,dsl,1,137.1,1,0,0
CUST-00331,41,48.15,2003.97,two_year,electronic_check,fiber_optic,2,79.8,0,0,0
CUST-00332,9,24.35,223.56,month_to_month,bank_transfer,dsl,2,14.6,1,1,1
CUST-00333,49,58.0,2790.36,month_to_month,electronic_check,fiber_optic,2,73.4,0,0,0
CUST-00334,44,94.03,4224.72,month_to_month,mailed_check,none,2,,1,0,0
CUST-00335,48,56.34,2769.49,month_to_month,bank_transfer,fiber_optic,2,140.7,0,1,1
CUST-00336,37,72.95,2682.92,month_to_month,electronic_check,none,2,,1,1,0
CUST-00337,33,44.59,1508.55,two_year,credit_card,fiber_optic,2,124.1,0,0,0
CUST-00338,12,62.59,754.66,one_year,mailed_check,fiber_optic,1,40.7,0,0,0
CUST-00339,60,20.11,1205.14,month_to_month,bank_transfer,fiber_optic,1,66.0,1,0,0
CUST-00340,72,89.08,6378.59,one_year,electronic_check,none,2,,0,0,0
CUST-00341,57,41.26,2285.95,month_to_month,mailed_check,fiber_optic,2,123.3,0,1,0
CUST-00342,41,112.89,4722.27,one_year,mailed_check,dsl,2,53.8,0,0,0
CUST-00343,35,100.65,3538.01,month_to_month,bank_transfer,fiber_optic,0,101.8,0,0,1
CUST-00344,40,61.66,2404.79,two_year,electronic_check,fiber_optic,1,101.5,1,1,1
CUST-00345,16,109.71,1793.17,month_to_month,mailed_check,fiber_optic,1,53.7,0,1,1
CUST-00346,23,22.24,505.88,month_to_month,mailed_check,fiber_optic,1,71.2,0,1,0
CUST-00347,45,80.7,3672.77,month_to_month,credit_card,fiber_optic,1,166.5,0,0,1
CUST-00348,21,99.73,2089.16,one_year,electronic_check,none,1,,0,1,0
CUST-00349,35,33.16,1192.18,two_year,mailed_check,fiber_optic,2,71.7,0,0,0
CUST-00350,63,100.32,6285.22,one_year,bank_transfer,fiber_optic,4,131.5,0,0,0
CUST-00351,18,50.36,884.56,one_year,bank_transfer,none,2,,1,0,0
CUST-00352,45,46.48,2147.71,two_year,electronic_check,dsl,0,80.5,0,1,0
CUST-00353,66,29.56,1909.75,month_to_month,bank_transfer,fiber_optic,2,35.3,1,1,0
CUST-00354,72,101.41,7378.34,month_to_month,electronic_check,fiber_optic,2,159.3,0,1,0
CUST-00355,34,62.46,2112.77,month_to_month,electronic_check,fiber_optic,2,71.3,0,0,1
CUST-00356,15,41.92,618.07,one_year,electronic_check,dsl,1,136.8,0,0,0
CUST-00357,20,84.38,1669.91,month_to_month,bank_transfer,fiber_optic,2,54.0,0,0,0
CUST-00358,47,52.25,2424.29,month_to_month,mailed_check,fiber_optic,1,167.2,0,0,1
CUST-00359,44,89.68,3874.12,one_year,mailed_check,dsl,1,90.8,0,0,0
CUST-00360,7,84.96,609.02,month_to_month,bank_transfer,dsl,3,138.1,1,0,1
CUST-00361,5,65.38,320.48,month_to_month,electronic_check,dsl,1,102.5,0,0,1
CUST-00362,46,57.05,2661.47,month_to_month,electronic_check,dsl,0,152.1,0,0,0
CUST-00363,70,19.6,1334.73,two_year,bank_transfer,fiber_optic,1,205.7,0,0,0
CUST-00364,5,19.07,93.83,month_to_month,bank_transfer,dsl,0,75.3,0,1,0
CUST-00365,41,20.44,838.78,two_year,credit_card,fiber_optic,2,153.4,0,0,0
CUST-00366,55,94.21,5115.15,month_to_month,bank_transfer,none,1,,0,1,0
CUST-00367,61,47.16,2877.43,two_year,electronic_check,fiber_optic,0,379.9,0,0,0
CUST-00368,22,84.31,1803.69,month_to_month,electronic_check,fiber_optic,0,64.9,1,0,1
CUST-00369,65,71.04,4488.3,one_year,mailed_check,dsl,0,84.3,0,0,0
CUST-00370,18,97.89,1726.11,month_to_month,electronic_check,fiber_optic,2,18.7,0,0,1
CUST-00371,35,114.87,3916.53,month_to_month,bank_transfer,none,0,,0,1,0
CUST-00372,44,46.2,1979.04,month_to_month,bank_transfer,fiber_optic,2,55.1,0,1,0
CUST-00373,48,34.29,1646.59,month_to_month,electronic_check,dsl,0,161.6,0,1,0
CUST-00374,63,115.1,7401.21,month_to_month,electronic_check,fiber_optic,1,77.8,0,0,0
CUST-00375,6,42.58,259.7,two_year,electronic_check,none,1,,0,1,0
CUST-00376,14,64.47,929.57,one_year,bank_transfer,dsl,1,206.0,0,1,0
CUST-00377,63,91.12,5569.65,one_year,bank_transfer,dsl,1,112.1,0,1,0
CUST-00378,72,67.64,4967.09,two_year,mailed_check,fiber_optic,2,83.7,0,0,0
CUST-00379,61,70.62,4234.4,month_to_month,credit_card,fiber_optic,3,136.8,0,0,1
CUST-00380,22,111.36,2453.59,one_year,credit_card,fiber_optic,1,40.0,0,0,0
CUST-00381,14,97.36,1331.24,month_to_month,mailed_check,fiber_optic,2,83.1,0,0,1
CUST-00382,13,64.22,821.88,month_to_month,bank_transfer,dsl,4,143.3,0,0,1
CUST-00383,37,106.05,3860.36,two_year,mailed_check,fiber_optic,0,143.5,0,0,0
CUST-00384,58,26.9,1554.36,month_to_month,credit_card,dsl,3,99.4,0,1,0
CUST-00385,6,34.02,201.33,one_year,electronic_check,dsl,1,215.8,1,0,0
CUST-00386,7,71.14,509.47,month_to_month,bank_transfer,fiber_optic,0,196.0,0,0,1
CUST-00387,33,31.53,1061.85,month_to_month,electronic_check,dsl,1,44.0,0,0,1
CUST-00388,45,47.26,2181.35,two_year,bank_transfer,dsl,0,60.0,0,0,0
CUST-00389,72,107.08,7555.35,month_to_month,credit_card,none,2,,0,0,0
CUST-00390,16,52.24,838.37,month_to_month,electronic_check,dsl,1,23.2,0,0,0
CUST-00391,38,57.12,2165.48,two_year,mailed_check,dsl,0,98.4,0,0,0
CUST-00392,35,69.2,2471.3,two_year,mailed_check,dsl,1,94.5,0,1,0
CUST-00393,57,57.37,3174.67,month_to_month,bank_transfer,dsl,1,247.8,0,0,0
CUST-00394,1,86.47,,two_year,bank_transfer,fiber_optic,0,128.9,0,1,0
CUST-00395,33,67.14,2183.78,month_to_month,bank_transfer,dsl,1,176.4,0,0,0
CUST-00396,38,86.9,3238.9,month_to_month,mailed_check,dsl,1,90.5,0,1,0
CUST-00397,29,113.55,3204.76,month_to_month,credit_card,fiber_optic,1,77.9,0,0,1
CUST-00398,38,62.83,2434.21,month_to_month,bank_transfer,fiber_optic,2,449.2,0,0,0
CUST-00399,46,114.69,5330.68,month_to_month,credit_card,dsl,2,32.7,0,0,0
CUST-00400,56,28.69,1559.95,two_year,electronic_check,fiber_optic,2,106.4,0,0,0
CUST-00401,61,40.73,2466.11,month_to_month,electronic_check,fiber_optic,2,40.5,0,0,0
CUST-00402,13,90.19,1205.89,two_year,electronic_check,fiber_optic,1,167.4,0,0,1
CUST-00403,16,102.84,1613.1,month_to_month,electronic_check,fiber_optic,4,56.7,0,0,1
CUST-00404,25,46.01,1159.97,month_to_month,credit_card,none,3,,1,0,0
CUST-00405,51,101.57,5044.61,month_to_month,electronic_check,dsl,2,160.0,1,1,0
CUST-00406,32,52.17,1665.14,one_year,credit_card,fiber_optic,0,167.5,0,1,0
CUST-00407,17,68.88,1147.8,month_to_month,credit_card,dsl,4,199.1,0,0,1
CUST-00408,8,111.26,874.04,month_to_month,electronic_check,fiber_optic,1,85.9,1,0,1
CUST-00409,20,83.31,1646.42,two_year,mailed_check,fiber_optic,1,143.2,0,0,0
CUST-00410,1,58.66,,one_year,credit_card,fiber_optic,1,49.3,1,0,0
CUST-00411,22,75.63,1678.12,month_to_month,electronic_check,none,1,,0,0,1
CUST-00412,25,106.09,2576.65,one_year,mailed_check,dsl,2,69.7,0,1,1
CUST-00413,54,72.02,3878.98,one_year,electronic_check,fiber_optic,0,102.9,0,1,0
CUST-00414,64,23.07,1489.22,month_to_month,electronic_check,fiber_optic,2,38.2,1,1,0
CUST-00415,29,48.67,1403.33,month_to_month,mailed_check,dsl,2,118.5,0,1,0
CUST-00416,4,56.67,226.77,month_to_month,credit_card,none,2,,0,0,1
CUST-00417,26,57.28,1532.61,month_to_month,credit_card,none,2,,0,0,0
CUST-00418,18,117.59,2096.65,two_year,bank_transfer,dsl,2,69.5,0,1,0
CUST-00419,8,84.57,689.22,one_year,bank_transfer,fiber_optic,2,185.1,0,0,0
CUST-00420,22,28.22,614.61,month_to_month,mailed_check,fiber_optic,1,109.4,0,0,0
CUST-00421,24,78.87,1873.13,month_to_month,credit_card,fiber_optic,2,61.7,0,0,1
CUST-00422,13,71.71,906.99,month_to_month,credit_card,dsl,0,56.6,0,0,1
CUST-00423,5,59.21,293.67,month_to_month,credit_card,fiber_optic,3,72.7,0,0,1
CUST-00424,18,108.65,1928.76,month_to_month,bank_transfer,fiber_optic,1,134.2,0,0,0
CUST-00425,41,90.9,3659.95,month_to_month,credit_card,dsl,1,125.6,0,0,1
CUST-00426,29,70.4,2076.06,two_year,credit_card,dsl,2,118.9,0,0,0
CUST-00427,21,51.58,1111.36,two_year,electronic_check,fiber_optic,3,78.4,0,1,0
CUST-00428,32,76.32,2498.96,two_year,credit_card,dsl,3,73.6,0,1,0
CUST-00429,11,29.26,319.71,month_to_month,bank_transfer,none,6,,0,1,1
CUST-00430,45,76.0,3456.11,month_to_month,credit_card,fiber_optic,2,36.4,0,0,0
CUST-00431,13,72.08,945.41,month_to_month,credit_card,none,0,,0,0,0
CUST-00432,30,40.73,1238.25,month_to_month,mailed_check,fiber_optic,2,86.2,0,0,1
CUST-00433,40,109.5,4477.76,one_year,bank_transfer,fiber_optic,4,190.8,1,0,0
CUST-00434,8,99.6,801.43,two_year,electronic_check,dsl,2,167.3,0,1,0
CUST-00435,15,100.4,1516.66,one_year,mailed_check,dsl,1,140.7,0,1,0
CUST-00436,42,21.86,933.96,month_to_month,electronic_check,none,2,,0,0,0
CUST-00437,6,37.9,232.84,one_year,credit_card,fiber_optic,2,286.3,0,1,1
CUST-00438,41,102.06,4247.06,month_to_month,electronic_check,dsl,1,290.3,0,0,1
CUST-00439,65,59.16,3916.88,month_to_month,bank_transfer,fiber_optic,1,124.0,0,1,1
CUST-00440,59,110.08,6581.68,month_to_month,electronic_check,fiber_optic,1,85.1,0,1,1
CUST-00441,62,71.0,4425.58,month_to_month,electronic_check,fiber_optic,0,247.7,0,1,0
CUST-00442,68,102.26,7141.18,one_year,credit_card,dsl,1,120.1,0,0,0
CUST-00443,42,71.01,2920.97,month_to_month,mailed_check,fiber_optic,1,141.7,0,0,0
CUST-00444,16,105.58,1666.12,one_year,electronic_check,fiber_optic,0,98.6,0,0,1
CUST-00445,18,91.21,1609.6,two_year,bank_transfer,dsl,2,178.0,0,1,0
CUST-00446,9,76.95,682.39,month_to_month,mailed_check,dsl,2,92.8,1,0,1
CUST-00447,31,115.19,3470.36,month_to_month,bank_transfer,dsl,0,54.5,0,0,1
CUST-00448,55,92.82,5217.63,two_year,credit_card,dsl,1,38.8,1,0,0
CUST-00449,45,23.78,1048.0,month_to_month,bank_transfer,fiber_optic,1,97.6,0,0,1
CUST-00450,49,32.67,1619.95,one_year,credit_card,fiber_optic,1,98.2,0,1,0
CUST-00451,39,40.65,1566.83,two_year,credit_card,none,0,,0,0,0
CUST-00452,24,116.86,2826.41,one_year,mailed_check,dsl,0,146.0,0,0,0
CUST-00453,40,22.78,884.29,two_year,mailed_check,none,1,,0,1,0
CUST-00454,58,40.72,2376.65,month_to_month,credit_card,fiber_optic,1,100.9,0,0,0
CUST-00455,21,72.11,1553.24,two_year,credit_card,dsl,0,140.6,1,0,0
CUST-00456,57,24.41,1386.96,month_to_month,mailed_check,dsl,3,100.5,0,0,0
CUST-00457,27,68.3,1810.02,month_to_month,electronic_check,fiber_optic,3,119.5,1,0,1
CUST-00458,11,98.87,1107.99,two_year,bank_transfer,dsl,0,29.8,0,1,0
CUST-00459,49,100.48,4980.38,month_to_month,electronic_check,dsl,2,160.0,0,1,0
CUST-00460,28,83.47,2381.7,month_to_month,mailed_check,dsl,1,252.3,0,1,0
CUST-00461,25,64.76,1590.35,month_to_month,electronic_check,none,6,,0,0,0
CUST-00462,56,45.86,2631.42,month_to_month,bank_transfer,dsl,2,39.7,0,0,0
CUST-00463,56,83.26,4526.23,month_to_month,bank_transfer,none,5,,0,1,0
CUST-00464,35,89.81,3237.13,one_year,electronic_check,dsl,1,48.5,1,0,1
CUST-00465,37,88.86,3206.45,month_to_month,bank_transfer,dsl,1,39.5,0,0,1
CUST-00466,47,43.8,2118.46,two_year,mailed_check,dsl,3,155.8,1,0,0
CUST-00467,23,96.74,2226.37,month_to_month,mailed_check,fiber_optic,1,238.2,0,0,1
CUST-00468,21,78.57,1606.05,month_to_month,mailed_check,dsl,2,48.8,0,1,0
CUST-00469,37,73.55,2762.54,month_to_month,electronic_check,fiber_optic,0,248.1,0,0,1
CUST-00470,54,80.55,4324.4,one_year,bank_transfer,dsl,0,83.9,0,1,0
CUST-00471,6,59.9,355.6,month_to_month,credit_card,dsl,3,42.6,0,0,1
CUST-00472,15,59.78,879.03,month_to_month,bank_transfer,dsl,3,177.4,0,1,0
CUST-00473,40,117.75,4850.37,two_year,electronic_check,none,6,,0,1,0
CUST-00474,13,98.07,1306.18,two_year,credit_card,fiber_optic,3,104.3,0,0,1
CUST-00475,8,40.26,319.01,month_to_month,electronic_check,fiber_optic,2,7.5,0,1,0
CUST-00476,4,29.16,116.64,two_year,bank_transfer,fiber_optic,1,172.5,0,0,0
CUST-00477,60,30.36,1828.83,month_to_month,mailed_check,fiber_optic,2,67.6,0,1,0
CUST-00478,11,83.77,938.14,two_year,credit_card,dsl,1,39.2,1,1,1
CUST-00479,61,36.48,2217.65,month_to_month,bank_transfer,dsl,1,37.9,0,0,0
CUST-00480,4,62.44,254.21,two_year,bank_transfer,dsl,1,108.9,1,0,0
CUST-00481,57,78.44,4361.16,month_to_month,credit_card,dsl,1,40.2,0,0,0
CUST-00482,16,99.04,1611.79,month_to_month,electronic_check,dsl,1,128.9,0,0,1
CUST-00483,38,82.95,3207.18,month_to_month,mailed_check,dsl,1,218.2,0,1,0
CUST-00484,38,20.04,780.87,two_year,credit_card,none,4,,0,0,0
CUST-00485,14,106.05,1514.62,month_to_month,credit_card,fiber_optic,1,117.4,1,0,1
CUST-00486,34,55.02,1919.28,month_to_month,bank_transfer,fiber_optic,1,133.2,1,0,0
CUST-00487,72,33.19,2335.8,one_year,mailed_check,dsl,1,27.2,0,0,0
CUST-00488,55,67.47,3767.09,two_year,bank_transfer,fiber_optic,3,105.5,0,1,0
CUST-00489,6,90.94,541.81,two_year,electronic_check,dsl,5,21.9,0,1,1
CUST-00490,60,77.42,4776.58,month_to_month,electronic_check,dsl,1,154.9,0,0,0
CUST-00491,53,86.86,4739.68,month_to_month,mailed_check,dsl,3,51.6,1,0,0
CUST-00492,19,23.39,438.61,month_to_month,credit_card,fiber_optic,5,22.8,0,0,0
CUST-00493,49,68.52,3272.66,month_to_month,mailed_check,none,0,,0,0,0
CUST-00494,50,52.05,2654.0,month_to_month,electronic_check,fiber_optic,2,121.5,0,0,1
CUST-00495,51,71.83,3743.51,month_to_month,electronic_check,fiber_optic,3,23.1,0,0,0
CUST-00496,3,22.29,67.89,one_year,credit_card,fiber_optic,4,77.9,0,0,0
CUST-00497,56,22.83,1292.64,one_year,electronic_check,dsl,5,62.9,0,1,0
CUST-00498,39,43.94,1736.85,one_year,bank_transfer,dsl,2,76.8,0,0,0
CUST-00499,63,77.47,4794.56,month_to_month,bank_transfer,dsl,4,65.4,0,0,0
CUST-00500,34,97.34,3300.61,month_to_month,mailed_check,none,1,,0,1,1
CUST-00501,57,89.47,5085.25,two_year,electronic_check,dsl,3,124.9,0,0,0
CUST-00502,5,36.77,186.03,one_year,electronic_check,fiber_optic,0,120.0,0,0,0
CUST-00503,56,110.94,6107.56,two_year,credit_card,fiber_optic,3,167.5,0,0,0
CUST-00504,72,22.08,1568.76,month_to_month,credit_card,none,1,,0,0,0
CUST-00505,15,32.76,494.74,month_to_month,electronic_check,dsl,6,115.2,0,1,0
CUST-00506,6,107.31,627.82,month_to_month,bank_transfer,fiber_optic,2,79.0,0,0,1
CUST-00507,69,20.67,1420.93,one_year,electronic_check,fiber_optic,2,97.7,0,0,0
CUST-00508,64,63.49,4151.86,month_to_month,electronic_check,fiber_optic,3,86.7,0,0,0
CUST-00509,30,106.53,3111.8,one_year,bank_transfer,dsl,2,163.2,0,0,0
CUST-00510,10,44.87,439.33,month_to_month,electronic_check,dsl,2,82.2,0,0,1
CUST-00511,72,70.59,5166.48,one_year,electronic_check,fiber_optic,2,104.7,0,0,0
CUST-00512,48,102.89,4838.83,month_to_month,bank_transfer,fiber_optic,4,31.1,0,0,1
CUST-00513,64,42.18,2619.04,month_to_month,mailed_check,dsl,0,93.9,0,0,0
CUST-00514,58,107.76,6121.57,month_to_month,electronic_check,fiber_optic,3,224.2,0,0,1
CUST-00515,15,55.16,837.3,month_to_month,credit_card,dsl,1,86.3,0,0,0
CUST-00516,46,83.76,3923.59,month_to_month,bank_transfer,fiber_optic,0,122.2,0,1,0
CUST-00517,35,76.06,2733.79,month_to_month,electronic_check,fiber_optic,2,107.8,0,0,0
CUST-00518,45,103.38,4747.08,two_year,electronic_check,fiber_optic,0,298.6,1,0,1
CUST-00519,30,72.51,2233.92,month_to_month,electronic_check,dsl,3,77.3,0,0,1
CUST-00520,23,35.46,830.31,one_year,electronic_check,fiber_optic,1,166.9,0,1,0
CUST-00521,24,54.79,1279.88,month_to_month,electronic_check,fiber_optic,1,144.3,0,0,0
CUST-00522,60,93.13,5624.49,month_to_month,mailed_check,none,3,,0,1,0
CUST-00523,72,56.67,4066.74,month_to_month,electronic_check,fiber_optic,1,185.1,0,1,0
CUST-00524,1,110.95,,month_to_month,electronic_check,fiber_optic,0,154.3,0,0,1
CUST-00525,27,77.29,2136.87,month_to_month,mailed_check,fiber_optic,3,148.5,0,0,0
CUST-00526,60,18.57,1098.04,month_to_month,electronic_check,dsl,2,41.1,0,0,0
CUST-00527,8,107.92,872.16,one_year,credit_card,none,4,,0,0,1
CUST-00528,20,47.5,923.94,two_year,mailed_check,dsl,1,28.0,1,0,0
CUST-00529,49,118.28,5719.81,month_to_month,electronic_check,none,3,,0,0,1
CUST-00530,42,103.72,4286.83,month_to_month,mailed_check,dsl,1,83.7,0,0,1
CUST-00531,52,105.05,5394.16,month_to_month,bank_transfer,fiber_optic,1,81.5,0,0,1
CUST-00532,26,69.62,1788.22,month_to_month,credit_card,fiber_optic,1,419.0,0,0,0
CUST-00533,46,114.51,5165.03,month_to_month,electronic_check,dsl,2,63.4,0,1,1
CUST-00534,20,97.65,1926.9,month_to_month,electronic_check,none,2,,1,0,1
CUST-00535,9,20.14,184.73,month_to_month,electronic_check,none,2,,0,0,1
CUST-00536,61,91.82,5768.56,month_to_month,credit_card,fiber_optic,0,187.1,0,1,0
CUST-00537,30,117.35,3526.32,month_to_month,credit_card,fiber_optic,2,129.5,0,0,1
CUST-00538,32,45.26,1415.62,two_year,electronic_check,dsl,2,427.0,0,1,0
CUST-00539,7,23.51,166.14,month_to_month,credit_card,dsl,5,70.9,0,0,1
CUST-00540,23,49.02,1104.94,month_to_month,electronic_check,dsl,4,161.2,1,1,1
CUST-00541,41,70.27,2910.21,one_year,electronic_check,dsl,2,177.3,0,0,0
CUST-00542,62,71.04,4445.43,two_year,electronic_check,fiber_optic,2,180.6,0,0,0
CUST-00543,64,35.16,2301.5,month_to_month,credit_card,dsl,1,205.3,1,0,0
CUST-00544,6,93.48,572.11,month_to_month,electronic_check,none,2,,0,1,1
CUST-00545,68,21.41,1415.16,two_year,bank_transfer,none,1,,1,1,0
CUST-00546,7,44.84,320.2,month_to_month,electronic_check,fiber_optic,3,309.0,0,0,1
CUST-00547,58,33.08,1917.27,month_to_month,electronic_check,fiber_optic,0,137.1,0,0,0
CUST-00548,24,34.07,809.56,one_year,electronic_check,dsl,2,140.9,0,0,1
CUST-00549,56,58.16,3232.87,one_year,bank_transfer,fiber_optic,1,38.1,0,0,0
CUST-00550,4,47.77,193.05,month_to_month,credit_card,fiber_optic,1,101.0,0,1,0
CUST-00551,15,76.4,1135.93,month_to_month,electronic_check,fiber_optic,2,56.3,0,0,1
CUST-00552,34,72.81,2528.13,one_year,bank_transfer,fiber_optic,2,39.5,0,0,1
CUST-00553,62,29.64,1825.0,month_to_month,electronic_check,dsl,0,112.3,0,0,0
CUST-00554,45,40.16,1852.53,month_to_month,mailed_check,fiber_optic,1,51.3,0,0,1
CUST-00555,34,88.05,3030.57,one_year,electronic_check,dsl,0,105.9,0,0,1
CUST-00556,29,112.76,3299.64,two_year,electronic_check,dsl,1,75.4,0,0,0
CUST-00557,29,32.22,947.22,month_to_month,bank_transfer,fiber_optic,2,203.2,1,1,0
CUST-00558,28,99.51,2762.93,two_year,mailed_check,dsl,4,74.4,0,0,0
CUST-00559,62,114.61,7147.75,two_year,bank_transfer,none,1,,0,0,0
CUST-00560,48,75.19,3559.62,two_year,bank_transfer,none,2,,0,0,0
CUST-00561,18,55.61,990.64,month_to_month,electronic_check,fiber_optic,1,47.7,0,0,1
CUST-00562,21,78.48,1651.59,two_year,electronic_check,fiber_optic,2,150.4,0,0,0
CUST-00563,60,63.82,3905.11,month_to_month,electronic_check,fiber_optic,1,159.4,0,0,0
CUST-00564,13,70.82,933.16,one_year,mailed_check,fiber_optic,1,140.7,0,0,0
CUST-00565,36,118.06,4249.9,two_year,bank_transfer,fiber_optic,1,233.2,1,1,0
CUST-00566,50,37.7,1891.51,one_year,bank_transfer,dsl,1,130.3,0,0,0
CUST-00567,42,54.68,2294.9,one_year,mailed_check,none,1,,1,0,0
CUST-00568,9,66.52,607.04,month_to_month,electronic_check,fiber_optic,3,301.9,0,1,1
CUST-00569,62,80.04,5008.49,month_to_month,bank_transfer,fiber_optic,1,128.6,1,1,0
CUST-00570,4,113.89,467.86,month_to_month,electronic_check,fiber_optic,2,177.1,0,0,1
CUST-00571,46,48.11,2147.45,two_year,electronic_check,fiber_optic,2,69.5,0,1,0
CUST-00572,28,21.48,586.54,two_year,bank_transfer,none,1,,1,0,0
CUST-00573,53,76.4,4007.88,one_year,credit_card,none,0,,0,1,0
CUST-00574,10,117.67,1205.99,one_year,mailed_check,fiber_optic,2,64.5,0,1,1
CUST-00575,42,23.05,950.96,month_to_month,credit_card,dsl,0,24.8,1,0,0
CUST-00576,6,114.67,707.4,month_to_month,credit_card,fiber_optic,0,87.3,0,1,1
CUST-00577,26,27.88,705.78,two_year,credit_card,fiber_optic,1,118.3,0,1,0
CUST-00578,19,37.73,713.86,one_year,electronic_check,fiber_optic,2,247.1,0,0,0
CUST-00579,62,34.65,2110.65,one_year,bank_transfer,dsl,1,158.5,0,0,0
CUST-00580,53,83.69,4438.85,month_to_month,electronic_check,dsl,2,112.3,0,1,0
CUST-00581,47,109.44,5235.13,month_to_month,electronic_check,fiber_optic,1,185.2,0,0,0
CUST-00582,31,21.56,669.64,month_to_month,mailed_check,fiber_optic,1,262.5,0,0,0
CUST-00583,1,54.83,,one_year,credit_card,dsl,1,201.0,0,0,0
CUST-00584,13,49.1,644.84,two_year,electronic_check,none,5,,0,0,0
CUST-00585,40,64.22,2548.28,two_year,electronic_check,none,1,,0,0,0
CUST-00586,26,103.75,2683.05,month_to_month,bank_transfer,dsl,3,92.0,0,0,1
CUST-00587,12,110.99,1324.8,month_to_month,bank_transfer,dsl,0,55.7,0,0,1
CUST-00588,29,39.77,1150.81,one_year,electronic_check,dsl,1,229.7,0,0,0
CUST-00589,28,96.68,2661.03,month_to_month,mailed_check,none,1,,0,1,0
CUST-00590,56,83.9,4646.19,one_year,electronic_check,dsl,1,155.3,0,0,0
CUST-00591,50,114.29,5877.29,one_year,mailed_check,fiber_optic,5,152.6,0,1,0
CUST-00592,32,97.76,3105.48,month_to_month,electronic_check,none,1,,0,0,1
CUST-00593,43,59.0,2575.31,month_to_month,mailed_check,dsl,2,121.2,0,1,0
CUST-00594,19,45.8,884.94,month_to_month,electronic_check,dsl,4,60.4,0,0,0
CUST-00595,48,99.19,4701.71,month_to_month,credit_card,dsl,2,78.3,1,0,1
CUST-00596,50,49.54,2530.46,month_to_month,mailed_check,fiber_optic,1,231.7,1,1,0
CUST-00597,72,18.72,1320.93,month_to_month,mailed_check,none,3,,0,0,0
CUST-00598,53,94.09,4919.63,month_to_month,bank_transfer,dsl,1,95.2,0,1,0
CUST-00599,37,99.94,3690.07,month_to_month,bank_transfer,dsl,0,56.4,0,1,0
CUST-00600,54,40.89,2164.25,month_to_month,mailed_check,dsl,4,52.7,0,1,0
CUST-00601,16,89.29,1461.02,month_to_month,mailed_check,none,2,,0,0,1
CUST-00602,59,109.89,6325.46,month_to_month,mailed_check,fiber_optic,0,117.1,0,1,0
CUST-00603,18,85.87,1511.7,one_year,credit_card,fiber_optic,0,135.8,0,1,0
CUST-00604,61,100.72,6018.29,one_year,electronic_check,none,1,,0,0,0
CUST-00605,38,24.04,919.19,two_year,credit_card,dsl,3,186.4,1,0,0
CUST-00606,51,102.1,5151.05,month_to_month,electronic_check,dsl,2,211.5,0,0,1
CUST-00607,32,114.45,3747.27,one_year,credit_card,fiber_optic,4,100.4,0,0,1
CUST-00608,10,107.41,1055.86,month_to_month,mailed_check,fiber_optic,1,154.9,1,0,1
CUST-00609,27,40.71,1094.65,month_to_month,credit_card,dsl,2,93.2,0,0,0
CUST-00610,50,68.61,3503.26,one_year,credit_card,dsl,2,131.1,0,1,0
CUST-00611,32,40.97,1274.87,one_year,electronic_check,dsl,3,149.2,0,1,1
CUST-00612,14,60.47,847.54,month_to_month,electronic_check,fiber_optic,0,35.1,1,0,0
CUST-00613,29,85.54,2516.39,month_to_month,electronic_check,dsl,1,108.1,0,0,1
CUST-00614,17,82.96,1452.59,month_to_month,credit_card,fiber_optic,1,11.2,0,0,1
CUST-00615,51,67.4,3334.89,month_to_month,credit_card,fiber_optic,1,83.5,0,0,0
CUST-00616,18,77.22,1373.35,one_year,electronic_check,fiber_optic,1,78.3,0,0,1
CUST-00617,13,33.07,418.84,month_to_month,bank_transfer,dsl,4,21.5,0,0,0
CUST-00618,46,107.36,4835.42,two_year,electronic_check,dsl,3,215.6,0,1,0
CUST-00619,18,102.87,1810.44,month_to_month,credit_card,fiber_optic,1,120.7,0,0,0
CUST-00620,59,82.45,4785.81,month_to_month,mailed_check,none,2,,0,0,0
CUST-00621,26,80.4,2063.93,month_to_month,bank_transfer,fiber_optic,3,34.5,1,0,1
CUST-00622,42,24.53,1012.78,two_year,electronic_check,fiber_optic,1,236.2,0,0,0
CUST-00623,61,47.49,2880.65,month_to_month,mailed_check,dsl,2,252.1,0,0,1
CUST-00624,57,79.78,4559.5,month_to_month,mailed_check,none,0,,0,0,0
CUST-00625,61,74.38,4494.76,one_year,credit_card,dsl,2,89.6,0,0,0
CUST-00626,43,105.22,4440.1,one_year,mailed_check,dsl,2,37.7,0,0,0
CUST-00627,17,48.14,803.86,month_to_month,electronic_check,none,0,,0,0,1
CUST-00628,23,115.96,2663.6,two_year,bank_transfer,fiber_optic,1,145.9,1,1,1
CUST-00629,68,104.71,7053.76,month_to_month,electronic_check,fiber_optic,0,29.8,0,1,1
CUST-00630,47,77.39,3722.06,month_to_month,electronic_check,dsl,3,49.3,0,0,0
CUST-00631,31,106.56,3255.52,one_year,credit_card,dsl,2,68.0,0,1,0
CUST-00632,2,71.24,141.72,one_year,bank_transfer,fiber_optic,2,69.4,0,1,0
CUST-00633,12,59.87,721.37,month_to_month,electronic_check,fiber_optic,0,92.4,0,1,1
CUST-00634,49,77.66,3804.3,month_to_month,electronic_check,fiber_optic,1,60.8,0,1,0
CUST-00635,29,58.99,1659.81,month_to_month,mailed_check,dsl,1,52.1,0,0,0
CUST-00636,61,70.9,4222.34,month_to_month,electronic_check,dsl,1,96.0,0,1,0
CUST-00637,3,33.05,97.23,one_year,mailed_check,none,1,,0,0,0
CUST-00638,30,92.76,2725.48,one_year,electronic_check,dsl,2,62.6,0,0,0
CUST-00639,67,103.27,6755.01,month_to_month,credit_card,dsl,3,42.7,0,1,0
CUST-00640,67,41.88,2775.92,one_year,electronic_check,dsl,6,60.8,0,0,0
CUST-00641,43,35.7,1538.87,month_to_month,mailed_check,none,0,,0,1,0
CUST-00642,23,19.52,451.02,one_year,mailed_check,fiber_optic,1,299.9,1,0,0
CUST-00643,37,50.09,1869.73,one_year,credit_card,dsl,2,96.1,0,0,0
CUST-00644,3,108.11,317.69,two_year,bank_transfer,fiber_optic,1,250.0,0,0,1
CUST-00645,3,51.3,151.99,one_year,mailed_check,fiber_optic,0,168.6,0,0,0
CUST-00646,22,66.78,1478.16,month_to_month,mailed_check,fiber_optic,2,136.5,0,0,0
CUST-00647,20,85.86,1684.9,month_to_month,mailed_check,fiber_optic,1,186.4,0,0,0
CUST-00648,34,45.56,1554.81,month_to_month,electronic_check,fiber_optic,1,87.4,1,0,1
CUST-00649,26,114.01,3034.94,month_to_month,mailed_check,fiber_optic,0,167.8,0,1,1
CUST-00650,44,33.28,1442.04,month_to_month,mailed_check,none,1,,0,0,0
CUST-00651,53,71.27,3769.14,month_to_month,credit_card,dsl,2,18.2,0,0,0
CUST-00652,5,28.26,137.29,two_year,electronic_check,fiber_optic,0,287.5,1,0,0
CUST-00653,67,49.91,3331.59,one_year,credit_card,dsl,1,69.4,0,0,0
CUST-00654,35,116.38,4173.44,month_to_month,electronic_check,none,1,,0,0,1
CUST-00655,6,108.28,667.2,month_to_month,electronic_check,fiber_optic,4,259.3,0,0,1
CUST-00656,18,88.3,1590.15,month_to_month,electronic_check,dsl,0,169.5,1,0,1
CUST-00657,67,34.63,2292.83,one_year,electronic_check,fiber_optic,0,94.4,0,0,0
CUST-00658,20,63.67,1269.48,two_year,credit_card,fiber_optic,4,147.8,0,0,0
CUST-00659,18,77.27,1390.39,month_to_month,electronic_check,dsl,0,90.1,1,0,1
CUST-00660,46,107.45,4800.08,month_to_month,electronic_check,none,0,,0,1,0
CUST-00661,51,52.08,2618.56,one_year,mailed_check,dsl,5,127.8,0,1,0
CUST-00662,25,63.55,1592.38,one_year,credit_card,dsl,2,56.6,1,0,0
CUST-00663,52,42.45,2263.35,month_to_month,mailed_check,fiber_optic,0,144.7,0,0,0
CUST-00664,67,37.96,2485.44,one_year,electronic_check,dsl,1,109.2,0,0,0
CUST-00665,71,19.64,1397.01,month_to_month,credit_card,fiber_optic,2,92.0,0,0,0
CUST-00666,64,67.49,4194.87,one_year,electronic_check,fiber_optic,0,54.9,0,0,0
CUST-00667,57,75.95,4323.04,month_to_month,credit_card,dsl,1,128.7,0,1,0
CUST-00668,71,101.0,7334.39,month_to_month,mailed_check,dsl,1,99.4,0,1,0
CUST-00669,13,51.66,662.45,one_year,electronic_check,none,3,,0,0,0
CUST-00670,19,59.49,1101.26,month_to_month,credit_card,none,2,,1,0,1
CUST-00671,31,49.27,1520.67,month_to_month,mailed_check,fiber_optic,1,436.9,0,0,1
CUST-00672,63,31.41,2033.09,month_to_month,mailed_check,dsl,5,186.8,1,0,0
CUST-00673,26,83.34,2174.3,month_to_month,bank_transfer,fiber_optic,1,165.7,0,0,0
CUST-00674,25,37.07,919.57,month_to_month,credit_card,dsl,3,267.4,1,1,0
CUST-00675,47,20.86,995.44,month_to_month,bank_transfer,fiber_optic,1,38.2,0,0,0
CUST-00676,35,58.56,2016.94,month_to_month,electronic_check,fiber_optic,3,187.2,1,0,1
CUST-00677,48,30.88,1516.43,month_to_month,electronic_check,dsl,0,51.9,1,0,0
CUST-00678,13,111.88,1442.06,two_year,credit_card,dsl,3,131.1,0,0,1
CUST-00679,16,118.19,1842.39,month_to_month,bank_transfer,none,1,,0,0,0
CUST-00680,43,21.3,923.95,one_year,electronic_check,fiber_optic,1,143.4,0,0,0
CUST-00681,43,42.73,1872.38,month_to_month,mailed_check,fiber_optic,0,104.8,1,0,0
CUST-00682,67,33.63,2191.05,month_to_month,mailed_check,fiber_optic,4,109.4,0,0,0
CUST-00683,53,102.45,5330.59,one_year,electronic_check,dsl,5,188.0,0,1,0
CUST-00684,3,74.64,228.91,month_to_month,credit_card,dsl,2,81.1,0,1,1
CUST-00685,31,104.92,3295.45,month_to_month,electronic_check,fiber_optic,1,184.0,0,0,1
CUST-00686,40,65.88,2664.39,month_to_month,electronic_check,dsl,2,82.7,0,1,0
CUST-00687,29,32.74,935.04,two_year,bank_transfer,fiber_optic,0,161.4,0,0,0
CUST-00688,16,69.42,1125.53,month_to_month,bank_transfer,dsl,0,171.8,0,0,1
CUST-00689,56,43.32,2386.49,one_year,credit_card,fiber_optic,0,58.8,0,0,0
CUST-00690,50,85.0,4162.93,two_year,mailed_check,fiber_optic,3,68.5,1,0,0
CUST-00691,14,111.14,1562.63,two_year,credit_card,none,3,,0,0,1
CUST-00692,6,100.39,590.7,month_to_month,bank_transfer,fiber_optic,2,105.3,0,1,1
CUST-00693,14,26.16,364.02,one_year,electronic_check,fiber_optic,2,89.9,0,1,0
CUST-00694,43,42.13,1840.0,month_to_month,credit_card,dsl,4,68.7,0,0,0
CUST-00695,24,89.73,2160.48,month_to_month,credit_card,dsl,1,87.2,0,0,1
CUST-00696,46,43.62,2063.75,month_to_month,electronic_check,fiber_optic,2,59.1,0,1,0
CUST-00697,16,98.62,1550.68,one_year,electronic_check,fiber_optic,1,110.5,0,1,0
CUST-00698,58,35.71,2089.22,month_to_month,electronic_check,fiber_optic,2,87.3,0,1,0
CUST-00699,4,109.78,447.71,month_to_month,electronic_check,dsl,0,39.4,1,1,1
CUST-00700,3,44.25,135.58,two_year,electronic_check,fiber_optic,0,91.9,0,0,0
CUST-00701,10,118.44,1203.29,one_year,bank_transfer,fiber_optic,1,67.5,1,0,1
CUST-00702,65,118.58,7628.71,month_to_month,bank_transfer,dsl,2,62.2,1,0,0
CUST-00703,26,38.89,997.16,month_to_month,bank_transfer,dsl,1,136.2,0,0,1
CUST-00704,35,111.07,3817.99,month_to_month,electronic_check,none,0,,0,1,0
CUST-00705,49,103.81,5182.49,month_to_month,electronic_check,fiber_optic,3,78.2,0,0,1
CUST-00706,45,66.31,2898.99,month_to_month,electronic_check,dsl,1,105.3,0,0,0
CUST-00707,1,72.0,,month_to_month,bank_transfer,none,1,,0,0,1
CUST-00708,9,52.84,482.36,two_year,credit_card,fiber_optic,1,92.8,0,0,0
CUST-00709,45,81.27,3562.69,month_to_month,electronic_check,fiber_optic,0,149.0,0,0,1
CUST-00710,12,104.85,1228.44,month_to_month,credit_card,fiber_optic,0,253.6,0,1,1
CUST-00711,3,70.53,216.09,month_to_month,electronic_check,none,0,,0,0,1
CUST-00712,36,54.14,2005.73,two_year,credit_card,fiber_optic,3,319.6,0,0,0
CUST-00713,17,48.84,809.39,one_year,credit_card,fiber_optic,0,59.2,0,1,0
CUST-00714,20,118.59,2304.99,one_year,credit_card,fiber_optic,3,90.9,0,0,0
CUST-00715,20,101.38,2002.65,month_to_month,bank_transfer,fiber_optic,2,117.7,0,0,1
CUST-00716,34,69.9,2396.01,one_year,mailed_check,fiber_optic,1,96.8,0,0,0
CUST-00717,48,60.96,2851.04,one_year,credit_card,fiber_optic,0,202.9,1,0,0
CUST-00718,19,62.19,1171.43,month_to_month,electronic_check,none,1,,0,0,1
CUST-00719,50,47.23,2340.52,month_to_month,electronic_check,fiber_optic,2,191.3,0,0,1
CUST-00720,52,92.33,4916.18,month_to_month,electronic_check,fiber_optic,0,311.7,0,0,0
CUST-00721,32,45.05,1443.06,two_year,credit_card,dsl,2,51.7,0,0,0
CUST-00722,27,68.08,1789.22,month_to_month,electronic_check,dsl,0,143.9,0,1,0
CUST-00723,71,80.83,5594.62,one_year,electronic_check,none,0,,0,0,0
CUST-00724,16,52.47,835.67,two_year,electronic_check,fiber_optic,1,195.6,0,0,0
CUST-00725,39,46.86,1874.51,two_year,mailed_check,fiber_optic,1,131.4,0,1,0
CUST-00726,71,118.5,8391.05,month_to_month,electronic_check,fiber_optic,7,215.3,0,0,1
CUST-00727,19,23.54,435.59,two_year,mailed_check,fiber_optic,0,136.9,0,1,0
CUST-00728,49,80.68,3921.31,one_year,electronic_check,none,0,,0,1,0
CUST-00729,72,73.94,5264.24,month_to_month,electronic_check,fiber_optic,1,161.2,1,1,0
CUST-00730,67,113.7,7589.4,month_to_month,credit_card,dsl,2,192.9,0,0,1
CUST-00731,13,86.92,1143.96,month_to_month,electronic_check,dsl,0,108.3,0,0,1
CUST-00732,38,94.22,3537.44,month_to_month,credit_card,fiber_optic,1,234.0,0,0,1
CUST-00733,38,22.82,844.23,month_to_month,electronic_check,fiber_optic,0,51.0,1,1,0
CUST-00734,12,37.14,440.46,one_year,bank_transfer,fiber_optic,1,47.5,0,1,0
CUST-00735,25,103.32,2580.0,two_year,credit_card,fiber_optic,0,43.1,0,1,0
CUST-00736,4,99.22,395.12,two_year,electronic_check,none,0,,0,0,1
CUST-00737,69,39.99,2797.89,month_to_month,credit_card,dsl,1,44.2,0,0,0
CUST-00738,30,40.66,1254.22,month_to_month,credit_card,fiber_optic,2,211.1,0,0,0
CUST-00739,49,90.21,4396.46,two_year,electronic_check,dsl,2,51.8,0,1,0
CUST-00740,70,55.42,3912.15,two_year,bank_transfer,fiber_optic,1,91.2,0,0,0
CUST-00741,27,83.67,2243.86,month_to_month,mailed_check,dsl,1,73.9,1,1,0
CUST-00742,48,112.91,5470.56,month_to_month,credit_card,fiber_optic,2,80.0,0,1,0
CUST-00743,16,94.89,1528.53,month_to_month,credit_card,dsl,6,61.2,0,0,1
CUST-00744,1,100.28,,two_year,electronic_check,fiber_optic,2,90.1,0,0,0
CUST-00745,26,26.54,673.99,month_to_month,electronic_check,none,0,,0,1,0
CUST-00746,10,20.0,201.6,month_to_month,bank_transfer,dsl,1,75.9,0,0,0
CUST-00747,57,72.93,4035.32,month_to_month,credit_card,fiber_optic,4,88.7,1,1,0
CUST-00748,48,34.57,1682.26,month_to_month,credit_card,fiber_optic,1,51.2,0,1,0
CUST-00749,71,112.68,8152.84,month_to_month,credit_card,fiber_optic,1,35.4,0,0,1
CUST-00750,20,112.61,2256.27,one_year,electronic_check,dsl,3,62.8,0,1,1
CUST-00751,67,63.45,4324.78,one_year,electronic_check,dsl,2,102.3,0,0,0
CUST-00752,44,48.83,2174.05,one_year,credit_card,none,3,,1,1,0
CUST-00753,57,66.02,3740.32,month_to_month,credit_card,dsl,1,120.8,0,1,0
CUST-00754,63,70.03,4330.93,two_year,electronic_check,fiber_optic,2,280.4,0,1,0
CUST-00755,58,63.72,3673.2,month_to_month,mailed_check,fiber_optic,3,113.6,0,1,0
CUST-00756,72,111.62,8234.8,month_to_month,electronic_check,fiber_optic,3,22.8,0,0,0
CUST-00757,36,106.28,3736.11,one_year,bank_transfer,fiber_optic,0,276.7,1,0,0
CUST-00758,51,44.99,2320.15,month_to_month,electronic_check,fiber_optic,2,156.0,0,0,0
CUST-00759,68,68.62,4788.15,one_year,electronic_check,dsl,0,60.7,0,0,0
CUST-00760,12,57.08,701.49,month_to_month,electronic_check,dsl,2,40.0,0,0,0
CUST-00761,15,22.8,337.49,month_to_month,credit_card,fiber_optic,1,36.3,1,0,0
CUST-00762,12,78.59,955.15,month_to_month,mailed_check,dsl,2,19.7,0,0,0
CUST-00763,19,114.57,2117.56,month_to_month,electronic_check,fiber_optic,1,96.7,0,1,1
CUST-00764,55,77.59,4231.1,month_to_month,mailed_check,fiber_optic,1,107.6,0,0,0
CUST-00765,37,90.78,3432.07,two_year,electronic_check,fiber_optic,0,228.0,0,0,0
CUST-00766,5,33.83,164.16,one_year,electronic_check,fiber_optic,3,73.3,1,1,0
CUST-00767,45,90.12,3953.64,month_to_month,credit_card,fiber_optic,0,154.5,0,0,0
CUST-00768,22,73.11,1588.46,month_to_month,electronic_check,dsl,0,212.8,0,1,1
CUST-00769,68,54.6,3791.62,month_to_month,credit_card,fiber_optic,2,31.2,0,0,0
CUST-00770,18,88.73,1606.74,month_to_month,electronic_check,dsl,2,65.8,1,1,1
CUST-00771,39,109.45,4302.55,month_to_month,mailed_check,fiber_optic,0,74.4,0,1,0
CUST-00772,55,102.15,5483.99,one_year,mailed_check,fiber_optic,2,74.1,0,0,0
CUST-00773,4,87.82,348.85,month_to_month,bank_transfer,dsl,2,207.7,1,0,1
CUST-00774,19,93.88,1823.25,month_to_month,electronic_check,fiber_optic,1,89.3,1,0,1
CUST-00775,28,111.38,3087.46,two_year,mailed_check,fiber_optic,1,50.2,0,0,0
CUST-00776,4,37.89,149.5,month_to_month,credit_card,fiber_optic,1,57.4,0,0,1
CUST-00777,72,34.58,2445.07,one_year,electronic_check,dsl,1,69.5,0,0,0
CUST-00778,70,48.45,3402.97,one_year,credit_card,fiber_optic,0,107.6,0,0,0
CUST-00779,69,86.67,5946.55,one_year,credit_card,dsl,1,118.3,1,0,0
CUST-00780,46,39.53,1847.15,month_to_month,credit_card,dsl,2,223.1,0,0,0
CUST-00781,11,40.99,455.07,month_to_month,bank_transfer,none,0,,0,0,0
CUST-00782,60,90.59,5440.88,one_year,electronic_check,dsl,2,213.1,0,0,0
CUST-00783,16,60.12,955.01,one_year,electronic_check,dsl,1,55.1,1,0,0
CUST-00784,55,26.54,1435.94,one_year,electronic_check,dsl,1,93.5,0,0,0
CUST-00785,39,78.48,3120.55,one_year,electronic_check,fiber_optic,2,261.7,0,1,0
CUST-00786,23,50.33,1130.26,one_year,bank_transfer,dsl,2,138.4,1,0,0
CUST-00787,27,49.5,1368.82,month_to_month,credit_card,dsl,1,105.9,0,1,0
CUST-00788,58,54.77,3207.38,month_to_month,bank_transfer,dsl,2,144.0,0,0,0
CUST-00789,71,101.21,7105.59,month_to_month,mailed_check,fiber_optic,1,98.4,0,0,0
CUST-00790,58,36.42,2087.98,month_to_month,bank_transfer,dsl,2,253.7,0,0,0
CUST-00791,46,88.27,4132.25,month_to_month,mailed_check,fiber_optic,1,22.6,0,0,0
CUST-00792,53,71.06,3802.98,one_year,bank_transfer,fiber_optic,1,41.8,0,0,0
CUST-00793,12,115.48,1345.98,month_to_month,bank_transfer,fiber_optic,0,116.5,0,0,1
CUST-00794,41,97.54,3944.92,month_to_month,credit_card,fiber_optic,1,181.5,0,0,0
CUST-00795,47,67.34,3140.64,month_to_month,electronic_check,fiber_optic,2,107.2,1,1,0
CUST-00796,24,94.91,2315.94,month_to_month,electronic_check,none,1,,0,1,0
CUST-00797,38,74.53,2885.5,one_year,bank_transfer,fiber_optic,3,98.7,0,1,0
CUST-00798,55,68.42,3737.78,month_to_month,electronic_check,none,1,,0,1,0
CUST-00799,2,79.82,159.28,month_to_month,mailed_check,dsl,1,67.1,0,0,1
CUST-00800,70,99.72,6816.44,one_year,mailed_check,fiber_optic,2,77.0,1,0,0
CUST-00801,65,22.41,1433.64,one_year,credit_card,none,3,,0,0,0
CUST-00802,64,80.2,5085.45,month_to_month,electronic_check,fiber_optic,0,145.1,0,0,0
CUST-00803,31,31.62,994.93,month_to_month,mailed_check,none,2,,0,1,0
CUST-00804,66,25.96,1683.36,one_year,credit_card,dsl,2,94.3,0,1,0
CUST-00805,19,51.87,958.18,month_to_month,electronic_check,fiber_optic,1,120.1,0,1,0
CUST-00806,3,21.66,64.98,month_to_month,mailed_check,fiber_optic,3,234.5,0,0,1
CUST-00807,58,95.56,5512.64,month_to_month,electronic_check,dsl,0,106.4,0,1,0
CUST-00808,58,24.3,1432.21,month_to_month,electronic_check,dsl,1,177.1,0,1,1
CUST-00809,71,78.12,5546.99,month_to_month,bank_transfer,dsl,3,86.9,0,0,0
CUST-00810,2,87.99,173.94,month_to_month,electronic_check,dsl,2,109.7,0,0,1
CUST-00811,2,75.13,150.58,one_year,electronic_check,dsl,3,75.6,0,1,0
CUST-00812,31,82.23,2591.55,month_to_month,electronic_check,none,0,,1,1,0
CUST-00813,41,40.24,1651.57,one_year,electronic_check,dsl,2,211.3,1,0,0
CUST-00814,38,44.45,1721.5,month_to_month,electronic_check,none,0,,1,0,0
CUST-00815,37,105.02,3803.48,one_year,mailed_check,dsl,0,97.8,0,1,0
CUST-00816,23,59.61,1374.55,month_to_month,electronic_check,none,4,,0,1,0
CUST-00817,31,35.74,1076.09,month_to_month,credit_card,fiber_optic,3,100.9,0,0,0
CUST-00818,52,99.15,5306.58,month_to_month,electronic_check,fiber_optic,4,291.0,0,1,0
CUST-00819,47,89.59,4119.86,month_to_month,mailed_check,dsl,2,128.0,0,0,1
CUST-00820,37,21.4,775.84,month_to_month,mailed_check,fiber_optic,1,36.6,0,1,1
CUST-00821,1,38.84,,month_to_month,electronic_check,fiber_optic,0,67.4,0,1,1
CUST-00822,38,82.72,3089.19,month_to_month,mailed_check,dsl,3,45.0,1,0,1
CUST-00823,21,72.6,1517.75,month_to_month,mailed_check,fiber_optic,0,69.9,1,1,0
CUST-00824,40,34.81,1420.89,month_to_month,bank_transfer,fiber_optic,1,174.1,0,0,0
CUST-00825,10,47.69,485.38,one_year,credit_card,dsl,0,55.0,0,0,0
CUST-00826,71,55.83,3979.05,one_year,credit_card,dsl,2,138.4,0,0,0
CUST-00827,65,52.92,3468.08,two_year,bank_transfer,dsl,2,119.5,1,0,0
CUST-00828,15,72.71,1098.83,two_year,credit_card,fiber_optic,4,71.8,0,0,1
CUST-00829,23,43.77,1030.77,month_to_month,bank_transfer,dsl,3,133.3,0,0,1
CUST-00830,21,67.33,1373.85,month_to_month,bank_transfer,fiber_optic,1,248.9,0,0,0
CUST-00831,26,92.26,2349.01,month_to_month,electronic_check,none,1,,0,0,0
CUST-00832,53,112.44,5938.63,month_to_month,electronic_check,fiber_optic,1,77.8,1,1,0
CUST-00833,16,108.56,1736.65,month_to_month,credit_card,dsl,2,97.0,0,0,0
CUST-00834,42,98.36,4239.6,one_year,credit_card,fiber_optic,1,119.6,0,0,1
CUST-00835,26,71.06,1852.59,one_year,electronic_check,dsl,4,71.0,0,1,0
CUST-00836,35,54.04,1903.3,month_to_month,credit_card,dsl,2,68.9,0,0,0
CUST-00837,4,30.81,123.25,month_to_month,mailed_check,none,1,,0,0,1
CUST-00838,46,58.26,2720.99,month_to_month,credit_card,fiber_optic,1,89.6,0,0,0
CUST-00839,68,105.63,7038.26,two_year,electronic_check,dsl,0,39.1,0,0,0
CUST-00840,2,74.33,148.74,two_year,electronic_check,fiber_optic,2,228.9,0,0,1
CUST-00841,12,64.8,766.83,month_to_month,electronic_check,fiber_optic,2,150.0,0,0,1
CUST-00842,16,89.4,1424.26,two_year,bank_transfer,none,2,,0,0,0
CUST-00843,19,76.6,1455.97,month_to_month,electronic_check,fiber_optic,1,100.1,0,0,1
CUST-00844,1,23.42,,two_year,bank_transfer,fiber_optic,1,136.2,0,1,0
CUST-00845,25,60.43,1522.18,month_to_month,electronic_check,dsl,2,132.4,1,0,1
CUST-00846,30,25.21,760.13,month_to_month,credit_card,dsl,4,74.0,0,0,0
CUST-00847,37,63.92,2383.41,month_to_month,electronic_check,none,2,,0,1,0
CUST-00848,4,94.39,388.13,two_year,bank_transfer,dsl,3,111.7,0,0,0
CUST-00849,2,64.15,126.92,month_to_month,electronic_check,none,1,,0,0,1
CUST-00850,71,96.37,6809.47,two_year,electronic_check,fiber_optic,2,109.8,0,0,0
CUST-00851,50,46.43,2328.67,month_to_month,electronic_check,dsl,3,61.0,0,0,0
CUST-00852,33,101.77,3268.59,month_to_month,credit_card,fiber_optic,0,87.4,0,1,0
CUST-00853,69,78.55,5290.03,two_year,electronic_check,fiber_optic,0,204.3,0,0,0
CUST-00854,49,63.39,3033.19,month_to_month,electronic_check,none,4,,0,0,0
CUST-00855,9,29.42,267.9,month_to_month,credit_card,fiber_optic,3,139.0,0,0,1
CUST-00856,68,41.22,2825.53,one_year,electronic_check,none,3,,1,0,0
CUST-00857,14,24.18,346.75,month_to_month,credit_card,dsl,1,122.3,0,0,0
CUST-00858,15,84.5,1268.09,two_year,electronic_check,fiber_optic,2,135.6,0,0,1
CUST-00859,26,36.85,950.57,two_year,electronic_check,fiber_optic,1,53.6,0,0,0
CUST-00860,4,62.42,255.58,month_to_month,electronic_check,fiber_optic,1,117.9,0,1,1
CUST-00861,69,104.33,7086.9,one_year,credit_card,fiber_optic,2,105.0,1,0,0
CUST-00862,67,18.89,1298.19,month_to_month,bank_transfer,fiber_optic,0,114.9,1,1,0
CUST-00863,68,66.7,4487.36,two_year,credit_card,dsl,2,94.2,1,0,0
CUST-00864,40,60.3,2373.26,one_year,mailed_check,dsl,2,355.4,0,1,0
CUST-00865,42,69.56,2886.02,month_to_month,bank_transfer,fiber_optic,1,198.3,0,0,1
CUST-00866,43,75.28,3194.58,one_year,credit_card,fiber_optic,2,47.3,0,1,0
CUST-00867,35,95.08,3241.68,month_to_month,electronic_check,fiber_optic,3,185.0,0,0,1
CUST-00868,51,47.0,2361.72,month_to_month,electronic_check,fiber_optic,0,138.9,0,0,0
CUST-00869,40,90.29,3542.99,two_year,bank_transfer,dsl,3,52.2,0,0,1
CUST-00870,11,71.53,773.75,month_to_month,electronic_check,fiber_optic,2,182.2,0,1,1
CUST-00871,46,99.98,4682.33,month_to_month,bank_transfer,dsl,2,87.1,0,1,0
CUST-00872,50,53.71,2685.0,month_to_month,credit_card,none,1,,0,0,1
CUST-00873,29,104.5,3021.17,one_year,electronic_check,fiber_optic,1,93.2,1,1,0
CUST-00874,7,59.7,428.67,two_year,bank_transfer,dsl,3,62.2,0,0,1
CUST-00875,64,28.94,1861.23,month_to_month,credit_card,dsl,4,106.5,0,0,0
CUST-00876,55,20.04,1077.63,one_year,credit_card,none,3,,0,0,0
CUST-00877,54,65.65,3469.81,one_year,mailed_check,fiber_optic,2,50.2,0,0,0
CUST-00878,70,31.53,2151.64,month_to_month,bank_transfer,fiber_optic,2,201.2,0,1,0
CUST-00879,14,63.93,868.22,two_year,electronic_check,dsl,5,107.8,0,0,0
CUST-00880,51,47.93,2458.33,one_year,mailed_check,fiber_optic,1,56.3,1,0,0
CUST-00881,23,61.27,1432.79,one_year,bank_transfer,fiber_optic,1,63.3,0,1,0
CUST-00882,60,95.78,5785.83,month_to_month,credit_card,dsl,1,168.9,0,1,0
CUST-00883,42,98.45,4094.43,one_year,electronic_check,fiber_optic,2,100.2,0,1,0
CUST-00884,23,78.7,1846.42,month_to_month,credit_card,fiber_optic,0,99.5,0,0,0
CUST-00885,30,74.41,2247.64,one_year,bank_transfer,none,0,,1,0,0
CUST-00886,54,110.7,5856.72,two_year,electronic_check,none,2,,0,0,0
CUST-00887,43,27.39,1181.02,month_to_month,bank_transfer,dsl,4,73.1,0,0,0
CUST-00888,66,43.89,2890.15,month_to_month,bank_transfer,fiber_optic,3,77.0,0,0,0
CUST-00889,7,54.48,378.43,one_year,electronic_check,fiber_optic,1,75.4,0,0,1
CUST-00890,28,109.61,3049.1,one_year,electronic_check,dsl,1,165.7,0,1,0
CUST-00891,72,62.83,4424.39,month_to_month,credit_card,dsl,2,143.7,0,0,0
CUST-00892,25,66.55,1637.88,one_year,electronic_check,fiber_optic,2,77.2,0,0,1
CUST-00893,34,99.44,3311.61,month_to_month,electronic_check,fiber_optic,2,68.7,0,1,1
CUST-00894,70,46.16,3256.35,one_year,mailed_check,fiber_optic,2,105.7,0,0,0
CUST-00895,32,28.73,932.54,month_to_month,credit_card,dsl,1,122.6,0,1,0
CUST-00896,3,100.61,295.9,one_year,mailed_check,fiber_optic,3,325.8,0,0,1
CUST-00897,59,35.07,2091.43,month_to_month,mailed_check,none,1,,0,0,0
CUST-00898,34,92.65,3059.84,month_to_month,electronic_check,fiber_optic,2,55.2,1,0,1
CUST-00899,36,75.99,2725.15,one_year,electronic_check,dsl,2,195.6,1,0,0
CUST-00900,9,42.88,391.04,month_to_month,electronic_check,dsl,1,195.5,0,0,1
CUST-00901,6,62.96,367.36,one_year,credit_card,none,0,,0,0,0
CUST-00902,58,41.83,2392.9,two_year,mailed_check,dsl,2,152.8,0,1,0
CUST-00903,4,93.04,368.75,month_to_month,credit_card,none,1,,0,0,0
CUST-00904,57,28.53,1618.8,month_to_month,mailed_check,dsl,2,159.0,1,1,0
CUST-00905,36,112.96,3950.29,one_year,electronic_check,dsl,1,247.3,0,1,0
CUST-00906,19,55.01,1033.57,one_year,electronic_check,fiber_optic,0,118.9,0,0,0
CUST-00907,29,108.45,3110.54,one_year,credit_card,dsl,0,137.6,0,1,0
CUST-00908,69,99.3,6813.23,one_year,electronic_check,fiber_optic,0,139.1,0,0,0
CUST-00909,40,83.67,3257.73,month_to_month,mailed_check,fiber_optic,1,165.3,0,0,0
CUST-00910,11,32.22,360.12,one_year,credit_card,dsl,5,89.0,0,1,0
CUST-00911,3,31.9,95.28,one_year,electronic_check,none,2,,0,0,0
CUST-00912,64,39.48,2567.98,one_year,electronic_check,dsl,3,82.4,0,0,0
CUST-00913,2,80.21,155.65,one_year,mailed_check,fiber_optic,1,140.1,1,0,1
CUST-00914,31,29.72,937.4,two_year,electronic_check,fiber_optic,4,240.8,1,0,0
CUST-00915,4,53.79,209.53,month_to_month,bank_transfer,none,1,,0,0,1
CUST-00916,9,71.35,657.93,one_year,mailed_check,fiber_optic,0,212.6,1,0,0
CUST-00917,33,79.56,2609.98,month_to_month,credit_card,dsl,3,173.8,0,0,1
CUST-00918,21,96.5,2079.05,month_to_month,mailed_check,fiber_optic,0,139.1,0,0,1
CUST-00919,16,61.3,1003.74,one_year,electronic_check,fiber_optic,3,119.4,0,0,0
CUST-00920,41,50.87,2055.5,two_year,credit_card,fiber_optic,1,221.4,0,0,0
CUST-00921,1,20.59,,month_to_month,credit_card,fiber_optic,4,69.8,1,1,1
CUST-00922,32,96.62,3079.13,month_to_month,bank_transfer,dsl,1,81.9,0,0,1
CUST-00923,66,55.31,3717.98,one_year,electronic_check,dsl,2,254.8,0,1,0
CUST-00924,50,65.8,3241.14,one_year,mailed_check,dsl,1,163.1,0,1,0
CUST-00925,55,34.59,1906.53,month_to_month,electronic_check,none,0,,1,1,0
CUST-00926,64,65.59,4187.36,two_year,bank_transfer,dsl,3,152.8,0,0,0
CUST-00927,43,49.81,2078.77,one_year,electronic_check,fiber_optic,0,43.6,0,0,0
CUST-00928,23,101.66,2310.2,month_to_month,credit_card,dsl,2,210.6,0,1,1
CUST-00929,66,27.92,1793.63,one_year,credit_card,none,1,,0,0,0
CUST-00930,54,42.23,2249.46,month_to_month,electronic_check,dsl,1,142.1,0,0,0
CUST-00931,67,99.72,6731.74,month_to_month,credit_card,fiber_optic,2,221.1,0,0,0
CUST-00932,61,24.0,1467.94,month_to_month,electronic_check,fiber_optic,6,274.3,0,0,0
CUST-00933,25,111.27,2834.16,month_to_month,electronic_check,none,2,,0,0,1
CUST-00934,35,107.05,3750.16,month_to_month,electronic_check,none,2,,1,0,1
CUST-00935,24,83.38,2037.68,month_to_month,bank_transfer,fiber_optic,1,47.4,0,0,0
CUST-00936,31,112.19,3453.21,one_year,bank_transfer,dsl,0,228.3,0,0,0
CUST-00937,25,32.53,805.72,month_to_month,mailed_check,fiber_optic,2,97.0,0,0,0
CUST-00938,50,59.13,2979.68,one_year,credit_card,none,0,,0,0,0
CUST-00939,52,36.42,1863.32,month_to_month,electronic_check,none,1,,0,0,0
CUST-00940,20,66.67,1369.47,month_to_month,credit_card,dsl,2,184.4,0,1,0
CUST-00941,69,45.32,3150.72,one_year,mailed_check,none,2,,0,0,0
CUST-00942,31,105.56,3269.31,month_to_month,credit_card,none,1,,0,0,1
CUST-00943,53,65.56,3578.51,two_year,credit_card,dsl,2,112.0,0,0,0
CUST-00944,62,54.62,3287.36,month_to_month,bank_transfer,fiber_optic,0,63.2,1,0,0
CUST-00945,38,55.2,2071.02,month_to_month,electronic_check,fiber_optic,3,84.0,0,0,1
CUST-00946,40,85.28,3508.03,month_to_month,credit_card,fiber_optic,2,95.7,0,0,1
CUST-00947,52,39.96,2052.19,month_to_month,mailed_check,dsl,1,107.7,0,1,0
CUST-00948,54,86.16,4622.68,month_to_month,bank_transfer,dsl,0,66.6,0,1,0
CUST-00949,64,88.01,5506.24,two_year,mailed_check,dsl,2,187.6,0,0,0
CUST-00950,10,88.78,898.34,month_to_month,bank_transfer,fiber_optic,1,117.1,0,1,1
CUST-00951,23,107.82,2432.69,month_to_month,credit_card,none,0,,0,0,1
CUST-00952,14,57.25,804.49,month_to_month,bank_transfer,fiber_optic,2,124.1,0,0,0
CUST-00953,13,51.69,682.44,month_to_month,credit_card,fiber_optic,0,55.8,0,0,1
CUST-00954,58,110.69,6275.63,two_year,mailed_check,dsl,2,133.5,1,0,0
CUST-00955,61,93.14,5514.65,month_to_month,mailed_check,dsl,2,332.8,0,0,1
CUST-00956,62,78.59,4809.85,month_to_month,mailed_check,dsl,3,118.9,0,1,0
CUST-00957,68,69.99,4777.53,month_to_month,bank_transfer,dsl,2,47.2,1,1,0
CUST-00958,51,43.52,2247.06,month_to_month,mailed_check,dsl,1,87.0,0,0,0
CUST-00959,8,39.74,314.28,month_to_month,credit_card,fiber_optic,0,77.8,0,0,1
CUST-00960,26,97.36,2585.05,month_to_month,credit_card,fiber_optic,0,91.7,1,1,1
CUST-00961,60,105.62,6296.11,one_year,bank_transfer,fiber_optic,0,92.7,0,0,0
CUST-00962,68,114.36,7950.99,month_to_month,electronic_check,fiber_optic,1,87.4,0,1,0
CUST-00963,36,18.56,648.55,month_to_month,credit_card,dsl,3,114.6,0,0,1
CUST-00964,57,52.94,2971.89,one_year,electronic_check,dsl,2,64.3,0,1,0
CUST-00965,50,47.56,2381.92,month_to_month,electronic_check,fiber_optic,0,103.9,0,0,0
CUST-00966,19,118.47,2192.87,two_year,electronic_check,dsl,1,46.5,0,1,0
CUST-00967,64,74.1,4761.37,month_to_month,mailed_check,dsl,0,201.5,0,1,0
CUST-00968,19,65.86,1228.47,one_year,mailed_check,dsl,3,145.3,0,1,0
CUST-00969,1,24.15,,month_to_month,credit_card,none,3,,0,0,1
CUST-00970,67,81.59,5595.11,month_to_month,electronic_check,fiber_optic,2,90.2,0,0,0
CUST-00971,23,20.19,464.36,month_to_month,electronic_check,fiber_optic,1,51.4,1,0,1
CUST-00972,49,101.98,4883.22,month_to_month,electronic_check,fiber_optic,3,117.9,1,1,0
CUST-00973,72,55.68,3963.68,month_to_month,credit_card,fiber_optic,1,116.1,0,1,0
CUST-00974,36,92.74,3239.27,one_year,bank_transfer,dsl,1,13.7,0,0,0
CUST-00975,10,74.86,741.62,one_year,credit_card,dsl,3,56.5,0,0,0
CUST-00976,24,107.13,2563.48,month_to_month,bank_transfer,fiber_optic,1,125.1,1,0,1
CUST-00977,25,65.53,1652.43,month_to_month,mailed_check,fiber_optic,3,80.2,0,0,1
CUST-00978,52,98.05,5098.01,month_to_month,credit_card,dsl,2,149.3,1,0,1
CUST-00979,41,34.21,1374.75,one_year,credit_card,fiber_optic,1,83.8,0,1,0
CUST-00980,24,115.29,2750.77,month_to_month,credit_card,fiber_optic,2,89.5,0,0,1
CUST-00981,32,40.56,1321.02,month_to_month,bank_transfer,fiber_optic,1,49.5,1,0,1
CUST-00982,5,63.31,307.33,two_year,electronic_check,dsl,1,74.7,1,0,0
CUST-00983,14,94.14,1331.34,one_year,electronic_check,dsl,0,168.9,0,1,0
CUST-00984,19,65.01,1266.35,two_year,mailed_check,none,1,,0,0,1
CUST-00985,23,83.49,1910.13,one_year,mailed_check,fiber_optic,4,76.1,0,0,0
CUST-00986,24,28.53,697.64,month_to_month,electronic_check,fiber_optic,0,179.4,0,0,0
CUST-00987,46,95.97,4425.62,one_year,credit_card,dsl,1,77.5,0,0,0
CUST-00988,15,82.26,1260.51,month_to_month,electronic_check,none,3,,0,0,0
CUST-00989,66,59.15,3927.49,two_year,electronic_check,dsl,0,150.5,0,1,0
CUST-00990,25,65.78,1612.56,month_to_month,mailed_check,dsl,0,29.0,0,0,0
CUST-00991,50,49.02,2489.06,one_year,credit_card,dsl,3,74.3,0,0,0
CUST-00992,68,66.81,4571.32,two_year,electronic_check,dsl,1,132.3,0,0,0
CUST-00993,58,44.0,2532.6,month_to_month,credit_card,fiber_optic,2,146.9,0,0,0
CUST-00994,45,82.7,3635.12,month_to_month,electronic_check,fiber_optic,0,143.5,0,1,1
CUST-00995,13,92.89,1222.09,month_to_month,mailed_check,fiber_optic,2,79.0,0,0,1
CUST-00996,65,61.09,4002.41,month_to_month,electronic_check,dsl,1,118.8,0,0,0
CUST-00997,33,35.51,1153.82,month_to_month,electronic_check,fiber_optic,0,91.5,0,0,1
CUST-00998,8,80.35,648.39,month_to_month,credit_card,fiber_optic,0,77.5,0,0,1
CUST-00999,29,22.16,646.5,month_to_month,mailed_check,fiber_optic,2,234.2,0,0,1
CUST-01000,52,102.05,5252.3,month_to_month,electronic_check,none,3,,0,1,0
CUST-01001,57,19.67,1104.62,month_to_month,electronic_check,dsl,2,43.0,0,0,0
CUST-01002,8,79.29,615.49,month_to_month,bank_transfer,dsl,2,139.8,0,0,1
CUST-01003,19,88.13,1652.78,one_year,credit_card,fiber_optic,1,127.2,0,0,0
CUST-01004,44,55.52,2445.81,month_to_month,mailed_check,fiber_optic,3,140.9,0,1,1
CUST-01005,32,48.0,1527.42,month_to_month,mailed_check,dsl,3,128.6,0,0,0
CUST-01006,46,90.85,4216.98,month_to_month,mailed_check,fiber_optic,0,150.0,0,0,0
CUST-01007,54,19.54,1048.09,one_year,electronic_check,dsl,1,89.7,0,0,0
CUST-01008,6,56.62,345.2,one_year,mailed_check,fiber_optic,1,146.4,1,0,1
CUST-01009,69,53.53,3696.72,two_year,credit_card,fiber_optic,2,28.9,0,0,0
CUST-01010,68,87.67,5784.68,one_year,bank_transfer,none,2,,0,0,0
CUST-01011,3,61.4,182.46,one_year,credit_card,none,1,,0,0,0
CUST-01012,30,22.6,686.35,one_year,mailed_check,fiber_optic,0,69.4,0,1,0
CUST-01013,49,52.85,2632.33,two_year,bank_transfer,none,1,,0,1,0
CUST-01014,63,59.22,3762.35,month_to_month,bank_transfer,dsl,1,110.0,0,0,0
CUST-01015,60,57.63,3367.17,one_year,mailed_check,none,2,,0,0,0
CUST-01016,50,82.73,4046.85,month_to_month,electronic_check,fiber_optic,1,96.5,0,0,0
CUST-01017,15,42.06,620.09,two_year,credit_card,none,1,,1,0,0
CUST-01018,69,64.34,4560.79,month_to_month,electronic_check,dsl,2,180.5,0,1,0
CUST-01019,44,67.77,3051.63,month_to_month,electronic_check,dsl,3,138.9,0,1,0
CUST-01020,61,95.47,5916.7,month_to_month,electronic_check,dsl,2,182.0,1,0,0
CUST-01021,70,91.02,6432.0,two_year,credit_card,fiber_optic,4,169.6,0,0,0
CUST-01022,45,23.22,1022.19,two_year,electronic_check,fiber_optic,2,105.3,0,0,0
CUST-01023,70,87.73,5967.92,two_year,bank_transfer,fiber_optic,2,144.2,1,1,0
CUST-01024,55,88.1,4748.89,month_to_month,electronic_check,none,1,,0,0,0
CUST-01025,62,87.41,5551.85,one_year,electronic_check,fiber_optic,0,165.8,0,0,0
CUST-01026,24,90.78,2203.42,one_year,credit_card,fiber_optic,1,77.3,0,1,0
CUST-01027,29,47.0,1341.06,one_year,electronic_check,fiber_optic,1,107.7,1,0,0
CUST-01028,70,68.23,4855.81,month_to_month,bank_transfer,fiber_optic,0,112.4,0,1,0
CUST-01029,65,48.71,3247.33,month_to_month,mailed_check,none,3,,0,0,0
CUST-01030,37,77.49,2812.29,month_to_month,credit_card,dsl,0,27.9,0,0,0
CUST-01031,60,115.22,6743.49,month_to_month,mailed_check,fiber_optic,3,50.2,0,0,0
CUST-01032,58,85.17,4841.68,two_year,credit_card,dsl,1,168.1,0,1,0
CUST-01033,68,93.67,6513.32,two_year,credit_card,fiber_optic,2,59.2,0,0,0
CUST-01034,56,76.19,4181.52,two_year,electronic_check,dsl,2,28.0,0,0,0
CUST-01035,4,53.32,209.26,month_to_month,mailed_check,none,2,,1,0,0
CUST-01036,26,81.4,2104.55,month_to_month,bank_transfer,fiber_optic,0,79.1,0,1,1
CUST-01037,63,114.44,7027.78,month_to_month,credit_card,fiber_optic,3,105.5,0,0,0
CUST-01038,2,51.86,104.59,month_to_month,mailed_check,fiber_optic,3,88.1,0,0,1
CUST-01039,70,27.14,1943.21,one_year,bank_transfer,fiber_optic,1,215.7,1,1,0
CUST-01040,10,106.95,1045.01,month_to_month,electronic_check,fiber_optic,0,240.4,0,0,0
CUST-01041,8,88.0,701.89,two_year,mailed_check,fiber_optic,0,134.8,1,1,1
CUST-01042,26,69.54,1836.19,month_to_month,mailed_check,fiber_optic,1,259.5,0,0,0
CUST-01043,51,110.34,5760.78,one_year,bank_transfer,fiber_optic,0,304.9,0,0,0
CUST-01044,21,19.71,401.75,month_to_month,credit_card,fiber_optic,2,179.4,0,0,0
CUST-01045,24,49.82,1176.02,month_to_month,bank_transfer,fiber_optic,2,133.1,0,0,0
CUST-01046,48,83.75,4033.61,one_year,mailed_check,dsl,0,123.9,0,0,0
CUST-01047,53,53.12,2843.13,two_year,electronic_check,fiber_optic,2,239.1,0,0,0
CUST-01048,59,88.76,5119.16,month_to_month,bank_transfer,fiber_optic,1,106.9,0,0,0
CUST-01049,42,117.74,4884.12,month_to_month,credit_card,fiber_optic,2,33.8,0,0,1
CUST-01050,55,88.72,4776.59,two_year,mailed_check,fiber_optic,1,88.1,0,0,1
CUST-01051,60,105.79,6463.98,one_year,electronic_check,fiber_optic,1,81.0,0,0,0
CUST-01052,60,54.75,3275.07,month_to_month,bank_transfer,fiber_optic,3,173.6,0,1,0
CUST-01053,19,92.79,1751.62,month_to_month,bank_transfer,dsl,0,169.1,0,1,0
CUST-01054,41,68.05,2852.12,month_to_month,credit_card,fiber_optic,1,39.0,0,0,0
CUST-01055,29,109.37,3220.46,one_year,bank_transfer,fiber_optic,3,108.5,0,1,0
CUST-01056,3,75.08,229.78,one_year,credit_card,fiber_optic,1,37.8,0,0,1
CUST-01057,44,37.21,1653.05,two_year,electronic_check,fiber_optic,0,63.4,0,0,0
CUST-01058,47,108.72,5240.18,month_to_month,mailed_check,fiber_optic,2,112.9,0,0,0
CUST-01059,72,93.49,6582.52,two_year,electronic_check,none,3,,0,0,1
CUST-01060,8,102.95,810.29,month_to_month,electronic_check,fiber_optic,2,152.2,0,1,1
CUST-01061,62,118.44,7362.39,one_year,credit_card,fiber_optic,2,30.0,0,0,0
CUST-01062,61,60.26,3618.74,one_year,mailed_check,fiber_optic,2,207.6,1,0,0
CUST-01063,11,27.37,300.12,one_year,electronic_check,fiber_optic,2,143.3,0,0,1
CUST-01064,29,53.13,1499.02,month_to_month,electronic_check,fiber_optic,3,78.6,1,0,0
CUST-01065,33,56.58,1813.26,month_to_month,credit_card,dsl,1,103.6,0,0,0
CUST-01066,40,107.71,4372.5,two_year,electronic_check,fiber_optic,1,148.2,0,0,1
CUST-01067,59,91.68,5302.21,one_year,mailed_check,none,0,,0,0,0
CUST-01068,22,61.8,1385.03,month_to_month,credit_card,fiber_optic,1,143.3,0,0,0
CUST-01069,14,88.4,1260.75,one_year,mailed_check,none,1,,1,0,0
CUST-01070,18,54.33,954.04,one_year,credit_card,fiber_optic,0,71.9,1,0,0
CUST-01071,31,67.44,2033.34,month_to_month,credit_card,none,3,,0,1,0
CUST-01072,1,61.13,,two_year,electronic_check,dsl,1,150.7,0,0,0
CUST-01073,66,105.56,6926.97,one_year,bank_transfer,dsl,1,26.6,0,0,0
CUST-01074,42,94.8,4082.62,month_to_month,mailed_check,fiber_optic,1,167.0,0,1,0
CUST-01075,55,95.66,5130.07,month_to_month,electronic_check,fiber_optic,0,66.5,0,0,1
CUST-01076,37,37.97,1405.33,one_year,electronic_check,dsl,1,202.8,0,0,0
CUST-01077,20,87.75,1736.12,month_to_month,credit_card,dsl,1,167.7,0,0,0
CUST-01078,49,28.32,1369.08,month_to_month,mailed_check,fiber_optic,3,103.0,0,0,0
CUST-01079,58,64.33,3698.11,month_to_month,credit_card,fiber_optic,3,196.4,0,1,0
CUST-01080,11,21.41,242.49,one_year,credit_card,fiber_optic,0,122.9,0,0,0
CUST-01081,28,76.74,2189.23,month_to_month,electronic_check,dsl,2,97.4,0,1,0
CUST-01082,13,53.11,688.71,month_to_month,electronic_check,fiber_optic,1,104.8,0,1,0
CUST-01083,48,40.99,1937.34,one_year,mailed_check,dsl,1,111.5,1,0,0
CUST-01084,31,76.69,2441.76,one_year,credit_card,fiber_optic,3,98.1,1,1,0
CUST-01085,35,20.95,717.36,two_year,bank_transfer,dsl,0,94.5,0,0,0
CUST-01086,51,69.47,3577.78,two_year,electronic_check,fiber_optic,5,97.9,0,0,1
CUST-01087,63,79.13,5068.67,two_year,bank_transfer,fiber_optic,1,149.1,0,0,0
CUST-01088,37,34.77,1323.2,one_year,credit_card,none,4,,0,1,0
CUST-01089,6,51.6,307.96,one_year,credit_card,none,2,,0,1,0
CUST-01090,67,23.99,1581.48,two_year,mailed_check,fiber_optic,1,97.9,0,0,0
CUST-01091,64,107.02,6942.16,month_to_month,mailed_check,dsl,3,85.8,0,0,0
CUST-01092,9,34.53,305.41,month_to_month,credit_card,fiber_optic,1,23.9,0,0,1
CUST-01093,68,51.17,3514.0,one_year,credit_card,fiber_optic,2,84.8,0,1,0
CUST-01094,41,81.08,3225.42,month_to_month,electronic_check,fiber_optic,1,61.9,0,0,0
CUST-01095,34,94.8,3244.42,month_to_month,mailed_check,dsl,2,53.9,1,0,0
CUST-01096,65,54.65,3595.26,one_year,mailed_check,dsl,1,71.4,1,0,0
CUST-01097,31,50.77,1534.67,month_to_month,mailed_check,none,3,,0,1,0
CUST-01098,41,26.01,1075.94,month_to_month,credit_card,fiber_optic,3,214.8,0,0,1
CUST-01099,17,72.81,1213.01,month_to_month,credit_card,fiber_optic,3,53.4,0,1,0
CUST-01100,26,99.62,2646.62,month_to_month,electronic_check,fiber_optic,2,29.7,0,0,1
CUST-01101,43,65.81,2749.16,one_year,mailed_check,fiber_optic,3,214.5,0,1,0
CUST-01102,59,73.12,4413.03,month_to_month,bank_transfer,fiber_optic,0,72.0,0,0,0
CUST-01103,36,36.18,1331.13,month_to_month,mailed_check,none,1,,0,0,1
CUST-01104,37,63.92,2396.05,two_year,bank_transfer,dsl,2,146.7,0,0,0
CUST-01105,52,44.02,2235.77,month_to_month,electronic_check,dsl,3,146.3,0,0,1
CUST-01106,50,94.72,4617.6,month_to_month,electronic_check,none,2,,1,1,1
CUST-01107,15,73.84,1114.88,month_to_month,electronic_check,dsl,2,48.9,0,0,0
CUST-01108,6,43.19,262.29,one_year,credit_card,fiber_optic,1,101.9,1,0,0
CUST-01109,22,93.69,2067.91,month_to_month,electronic_check,dsl,4,200.9,0,1,0
CUST-01110,67,23.34,1591.28,month_to_month,credit_card,fiber_optic,1,211.7,0,0,0
CUST-01111,35,89.34,3215.18,month_to_month,electronic_check,none,2,,1,0,1
CUST-01112,39,114.83,4495.58,one_year,electronic_check,dsl,1,133.0,0,0,0
CUST-01113,41,29.26,1175.34,month_to_month,bank_transfer,none,4,,0,0,0
CUST-01114,71,91.71,6620.91,two_year,mailed_check,fiber_optic,4,97.8,0,0,0
CUST-01115,26,107.62,2735.87,month_to_month,mailed_check,dsl,0,114.4,0,0,1
CUST-01116,1,38.78,,two_year,credit_card,fiber_optic,2,177.8,0,1,0
CUST-01117,52,70.28,3698.94,two_year,bank_transfer,fiber_optic,0,227.7,0,0,0
CUST-01118,39,81.3,3121.72,two_year,mailed_check,dsl,1,201.7,1,0,0
CUST-01119,64,32.41,2108.37,month_to_month,electronic_check,dsl,2,39.9,0,1,0
CUST-01120,29,97.38,2759.21,month_to_month,credit_card,fiber_optic,2,46.2,0,1,0
CUST-01121,62,100.08,6041.26,one_year,bank_transfer,fiber_optic,1,312.5,0,1,0
CUST-01122,57,62.81,3600.43,two_year,credit_card,fiber_optic,0,121.3,0,1,0
CUST-01123,72,107.17,7831.77,month_to_month,electronic_check,fiber_optic,2,59.6,1,0,0
CUST-01124,41,82.77,3432.45,month_to_month,credit_card,fiber_optic,2,140.3,0,1,0
CUST-01125,25,30.08,737.62,two_year,mailed_check,fiber_optic,4,143.6,0,1,0
CUST-01126,51,35.27,1843.52,month_to_month,mailed_check,none,2,,0,0,0
CUST-01127,57,107.52,6130.1,one_year,bank_transfer,dsl,0,99.0,0,0,0
CUST-01128,38,82.35,3049.13,month_to_month,electronic_check,fiber_optic,0,197.2,0,0,0
CUST-01129,35,90.23,3250.94,month_to_month,mailed_check,fiber_optic,1,148.6,0,0,1
CUST-01130,42,64.71,2773.73,month_to_month,electronic_check,dsl,1,85.5,0,1,0
CUST-01131,45,36.94,1627.66,one_year,electronic_check,dsl,2,156.6,0,0,0
CUST-01132,47,54.95,2518.5,month_to_month,credit_card,fiber_optic,5,151.8,0,0,1
CUST-01133,64,54.92,3549.21,two_year,mailed_check,fiber_optic,0,108.4,1,0,0
CUST-01134,1,106.46,,month_to_month,mailed_check,fiber_optic,0,271.5,1,0,1
CUST-01135,14,105.28,1468.89,two_year,bank_transfer,fiber_optic,1,168.4,0,0,0
CUST-01136,69,31.37,2169.9,one_year,credit_card,dsl,4,126.7,1,0,0
CUST-01137,25,45.83,1151.07,one_year,electronic_check,dsl,0,113.0,0,0,0
CUST-01138,18,93.15,1686.99,two_year,mailed_check,dsl,1,46.9,0,0,1
CUST-01139,60,115.63,6880.4,one_year,credit_card,fiber_optic,2,16.6,0,0,0
CUST-01140,59,77.33,4550.59,one_year,electronic_check,fiber_optic,0,221.2,0,1,0
CUST-01141,10,90.21,893.3,month_to_month,electronic_check,none,3,,0,0,0
CUST-01142,12,90.73,1098.2,month_to_month,credit_card,dsl,4,36.2,0,0,0
CUST-01143,23,110.91,2548.8,month_to_month,bank_transfer,fiber_optic,3,94.5,0,0,1
CUST-01144,63,74.26,4776.92,month_to_month,mailed_check,dsl,4,137.4,0,0,0
CUST-01145,4,58.07,226.11,month_to_month,electronic_check,fiber_optic,1,114.2,0,0,1
CUST-01146,31,56.64,1704.42,month_to_month,bank_transfer,none,3,,0,0,1
CUST-01147,47,51.71,2431.71,one_year,electronic_check,fiber_optic,1,27.1,0,1,0
CUST-01148,38,112.16,4355.23,month_to_month,credit_card,dsl,3,171.3,0,1,0
CUST-01149,18,67.77,1250.52,month_to_month,mailed_check,fiber_optic,1,62.5,0,1,0
CUST-01150,1,29.66,,month_to_month,mailed_check,none,5,,0,1,1
CUST-01151,69,66.72,4638.33,one_year,credit_card,dsl,2,50.4,1,0,0
CUST-01152,16,29.27,462.45,two_year,electronic_check,dsl,1,21.0,0,0,0
CUST-01153,62,97.58,6223.42,month_to_month,electronic_check,dsl,4,166.0,0,0,1
CUST-01154,59,97.58,5649.18,month_to_month,mailed_check,none,1,,0,0,0
CUST-01155,33,34.04,1132.37,month_to_month,electronic_check,fiber_optic,0,27.5,0,0,1
CUST-01156,67,77.95,5298.04,one_year,mailed_check,fiber_optic,1,194.7,0,1,0
CUST-01157,33,105.59,3405.16,one_year,mailed_check,dsl,1,298.0,1,1,0
CUST-01158,50,62.68,3187.22,two_year,electronic_check,fiber_optic,4,76.2,0,1,0
CUST-01159,33,75.44,2446.51,one_year,credit_card,none,1,,1,1,0
CUST-01160,34,82.89,2888.61,month_to_month,electronic_check,fiber_optic,0,65.1,1,1,0
CUST-01161,52,77.23,4027.03,month_to_month,electronic_check,fiber_optic,1,194.6,0,1,0
CUST-01162,52,60.69,3238.34,month_to_month,mailed_check,none,2,,0,1,0
CUST-01163,70,90.69,6510.05,month_to_month,electronic_check,none,3,,0,0,0
CUST-01164,63,35.48,2235.6,two_year,electronic_check,dsl,0,173.9,0,0,0
CUST-01165,24,100.01,2356.65,one_year,credit_card,dsl,2,202.3,0,1,0
CUST-01166,60,32.13,1873.97,month_to_month,electronic_check,dsl,0,252.3,1,0,0
CUST-01167,35,106.46,3652.1,one_year,credit_card,dsl,0,124.5,1,0,0
CUST-01168,33,49.82,1658.87,month_to_month,bank_transfer,fiber_optic,1,205.6,0,1,0
CUST-01169,63,78.25,4807.06,two_year,mailed_check,fiber_optic,0,68.8,0,0,0
CUST-01170,32,45.25,1464.5,two_year,electronic_check,fiber_optic,2,161.6,0,1,0
CUST-01171,30,67.24,2031.13,month_to_month,bank_transfer,fiber_optic,2,88.9,0,1,0
CUST-01172,36,77.22,2763.21,two_year,credit_card,dsl,0,172.1,0,0,0
CUST-01173,70,95.47,6858.74,one_year,credit_card,dsl,3,175.1,0,0,0
CUST-01174,26,97.65,2496.7,month_to_month,credit_card,fiber_optic,5,15.8,0,0,1
CUST-01175,21,115.97,2508.27,two_year,electronic_check,dsl,0,118.7,1,0,1
CUST-01176,64,31.78,2069.13,one_year,mailed_check,dsl,2,88.0,0,0,0
CUST-01177,40,61.5,2481.17,month_to_month,credit_card,dsl,1,115.1,0,0,0
CUST-01178,31,67.48,2117.24,one_year,mailed_check,fiber_optic,4,129.9,0,0,0
CUST-01179,50,58.18,2824.49,one_year,credit_card,dsl,1,143.4,1,0,0
CUST-01180,22,76.24,1717.92,month_to_month,credit_card,dsl,1,44.9,0,0,1
CUST-01181,29,41.01,1215.91,one_year,electronic_check,dsl,1,48.2,0,0,0
CUST-01182,43,83.87,3502.96,one_year,bank_transfer,fiber_optic,1,137.8,0,0,0
CUST-01183,60,87.87,5202.53,month_to_month,electronic_check,none,0,,0,0,1
CUST-01184,58,66.05,3873.83,one_year,bank_transfer,dsl,2,203.0,0,1,0
CUST-01185,67,75.44,5164.93,month_to_month,credit_card,fiber_optic,1,294.3,0,1,1
CUST-01186,51,103.32,5398.71,one_year,electronic_check,fiber_optic,1,45.4,0,0,0
CUST-01187,71,101.82,7253.64,month_to_month,electronic_check,fiber_optic,2,164.1,0,0,0
CUST-01188,15,21.53,320.58,month_to_month,credit_card,fiber_optic,0,180.5,0,1,0
CUST-01189,9,86.98,798.23,month_to_month,electronic_check,dsl,3,181.0,0,1,1
CUST-01190,55,111.06,6048.35,two_year,mailed_check,dsl,1,138.4,0,1,0
CUST-01191,32,92.59,2879.43,month_to_month,credit_card,fiber_optic,2,65.3,0,0,1
CUST-01192,29,111.14,3150.91,two_year,mailed_check,dsl,3,253.2,0,0,0
CUST-01193,23,70.58,1656.44,one_year,electronic_check,none,2,,0,1,1
CUST-01194,31,112.79,3558.52,two_year,credit_card,fiber_optic,2,94.2,0,0,0
CUST-01195,64,116.38,7329.18,two_year,electronic_check,dsl,5,117.8,0,0,1
CUST-01196,11,28.42,318.73,one_year,credit_card,none,2,,1,1,0
CUST-01197,12,118.35,1446.27,one_year,electronic_check,none,2,,1,0,0
CUST-01198,36,37.27,1323.58,month_to_month,mailed_check,fiber_optic,1,118.1,0,0,0
CUST-01199,36,103.12,3687.52,one_year,electronic_check,dsl,0,90.9,0,0,0
CUST-01200,36,80.26,2919.46,month_to_month,credit_card,fiber_optic,0,92.9,0,0,1
