building_id,floor_area_m2,n_occupants,building_age_years,hvac_type,insulation_grade,avg_setpoint_c,solar_kw,has_smart_meter,monthly_kwh
BLDG-00001,309.4,2,44,gas,poor,19.8,0.0,1,428.0
BLDG-00002,47.1,6,26,electric,poor,24.3,,0,273.1
BLDG-00003,108.8,2,19,heat_pump,average,19.9,1.78,1,180.0
BLDG-00004,455.5,3,41,gas,poor,21.2,,0,588.3
BLDG-00005,189.8,5,21,gas,good,20.9,1.49,1,301.4
BLDG-00006,116.6,2,23,gas,average,21.8,0.0,1,255.1
BLDG-00007,353.4,2,39,electric,good,20.3,0.0,1,358.7
BLDG-00008,183.5,3,45,electric,good,19.2,,0,268.2
BLDG-00009,129.0,6,80,gas,good,22.1,,0,251.8
BLDG-00010,51.0,3,39,electric,average,19.9,,0,341.9
BLDG-00011,477.2,1,35,gas,poor,18.4,0.0,1,511.6
BLDG-00012,442.1,4,16,electric,average,17.4,0.0,1,563.8
BLDG-00013,470.1,2,62,gas,good,21.4,,0,462.8
BLDG-00014,440.7,1,17,gas,good,18.5,0.0,1,372.8
BLDG-00015,109.5,1,13,gas,poor,20.9,3.91,1,273.1
BLDG-00016,289.6,3,36,electric,average,19.5,0.0,1,402.8
BLDG-00017,350.7,2,7,heat_pump,good,21.4,0.0,1,362.3
BLDG-00018,223.1,4,74,electric,average,21.9,,0,561.6
BLDG-00019,350.9,3,59,electric,average,24.1,,0,438.3
BLDG-00020,342.1,3,12,heat_pump,average,21.8,0.0,1,337.0
BLDG-00021,370.3,2,64,electric,poor,19.8,0.48,1,639.6
BLDG-00022,177.0,1,0,gas,poor,20.5,0.0,1,434.0
BLDG-00023,456.1,3,16,gas,poor,19.1,,0,563.1
BLDG-00024,256.6,2,76,gas,poor,21.2,2.19,1,459.7
BLDG-00025,68.5,5,71,gas,poor,18.6,0.0,1,302.9
BLDG-00026,105.4,7,70,heat_pump,average,19.6,0.0,1,186.7
BLDG-00027,359.8,6,48,gas,good,20.6,0.19,1,472.6
BLDG-00028,432.9,5,80,electric,good,21.8,,0,489.9
BLDG-00029,267.1,3,31,electric,average,17.5,1.44,1,458.0
BLDG-00030,312.8,2,72,electric,average,20.0,2.92,1,341.6
BLDG-00031,437.2,3,47,gas,poor,19.6,0.0,1,384.0
BLDG-00032,112.0,3,38,electric,average,21.6,0.0,1,426.9
BLDG-00033,267.2,6,40,gas,average,22.7,0.0,1,424.5
BLDG-00034,435.9,4,71,gas,average,17.9,1.04,1,474.6
BLDG-00035,334.0,4,76,gas,average,19.5,,0,430.8
BLDG-00036,288.1,5,1,heat_pump,average,21.0,,0,355.1
BLDG-00037,197.7,1,21,gas,poor,22.1,,0,226.5
BLDG-00038,133.3,2,43,electric,average,19.0,0.0,1,294.4
BLDG-00039,362.4,6,50,gas,good,18.7,0.0,1,394.4
BLDG-00040,268.5,2,59,heat_pump,poor,19.7,0.0,1,432.2
BLDG-00041,447.4,4,72,electric,average,21.3,0.0,1,496.3
BLDG-00042,203.3,4,64,gas,average,20.8,,0,335.3
BLDG-00043,218.2,1,58,gas,poor,19.2,,0,534.8
BLDG-00044,406.3,1,55,electric,average,21.1,0.0,1,366.2
BLDG-00045,62.5,3,50,gas,poor,19.1,,0,233.8
BLDG-00046,345.0,4,51,electric,average,17.9,,0,565.2
BLDG-00047,168.2,3,17,gas,average,21.1,,0,279.5
BLDG-00048,97.4,5,26,heat_pump,good,23.8,8.09,1,180.8
BLDG-00049,274.2,2,5,electric,average,22.4,,0,504.4
BLDG-00050,380.9,3,39,gas,poor,21.4,,0,598.7
BLDG-00051,398.4,2,60,heat_pump,average,21.0,0.0,1,343.7
BLDG-00052,400.9,2,57,gas,average,22.6,0.0,1,359.0
BLDG-00053,45.6,3,15,electric,average,20.2,3.3,1,346.3
BLDG-00054,322.5,2,57,heat_pump,good,24.5,,0,419.8
BLDG-00055,212.9,5,52,electric,poor,20.1,4.7,1,377.1
BLDG-00056,400.6,1,49,heat_pump,poor,22.3,0.0,1,523.7
BLDG-00057,465.4,2,20,none,average,,0.0,1,345.2
BLDG-00058,318.8,4,79,electric,good,19.2,0.0,1,390.8
BLDG-00059,280.5,3,48,electric,average,17.9,0.0,1,415.3
BLDG-00060,206.2,1,27,electric,good,22.6,,0,217.3
BLDG-00061,453.1,2,19,electric,poor,19.2,0.0,1,642.4
BLDG-00062,437.7,2,14,electric,average,19.1,4.21,1,484.4
BLDG-00063,459.6,3,15,gas,average,21.4,4.95,1,405.7
BLDG-00064,257.2,2,62,none,average,,,0,129.2
BLDG-00065,55.5,2,20,none,poor,,0.0,1,118.9
BLDG-00066,406.1,2,38,gas,good,20.4,0.0,1,297.2
BLDG-00067,166.3,1,14,none,average,,0.0,1,149.7
BLDG-00068,413.7,4,73,electric,average,21.0,0.4,1,495.1
BLDG-00069,198.5,2,80,gas,average,18.3,,0,305.1
BLDG-00070,82.6,1,54,heat_pump,average,24.1,0.0,1,223.5
BLDG-00071,344.4,2,57,heat_pump,poor,18.8,,0,457.7
BLDG-00072,168.2,3,7,electric,good,19.0,,0,310.7
BLDG-00073,137.2,5,1,heat_pump,average,19.4,,0,337.1
BLDG-00074,129.7,1,39,gas,average,19.8,0.62,1,316.3
BLDG-00075,417.9,4,12,electric,average,21.1,0.0,1,399.1
BLDG-00076,195.5,6,19,heat_pump,average,18.5,,0,355.8
BLDG-00077,79.7,4,39,gas,average,18.2,0.0,1,231.4
BLDG-00078,388.7,1,76,heat_pump,average,22.4,,0,389.2
BLDG-00079,364.9,5,70,heat_pump,average,19.3,,0,529.1
BLDG-00080,82.9,3,75,heat_pump,poor,17.3,2.5,1,317.3
BLDG-00081,415.8,2,21,electric,poor,17.1,0.0,1,410.9
BLDG-00082,367.0,3,25,heat_pump,good,22.9,0.0,1,429.4
BLDG-00083,242.7,4,44,gas,average,20.9,,0,330.5
BLDG-00084,377.8,6,22,gas,good,20.0,,0,429.3
BLDG-00085,185.4,3,74,gas,good,23.3,,0,283.8
BLDG-00086,371.0,3,40,gas,poor,17.5,1.43,1,495.8
BLDG-00087,78.8,5,17,gas,average,20.1,0.0,1,365.1
BLDG-00088,299.7,4,53,gas,average,18.4,,0,450.4
BLDG-00089,398.3,2,80,electric,average,19.4,,0,422.3
BLDG-00090,235.5,2,67,heat_pump,poor,22.9,,0,346.8
BLDG-00091,287.6,3,22,electric,average,21.2,,0,373.5
BLDG-00092,442.9,4,4,none,average,,0.0,1,334.3
BLDG-00093,191.6,1,25,heat_pump,poor,20.9,8.42,1,300.0
BLDG-00094,154.5,1,1,heat_pump,poor,20.1,,0,256.8
BLDG-00095,368.8,3,78,gas,good,19.0,0.0,1,524.7
BLDG-00096,223.0,5,72,gas,good,17.9,,0,247.9
BLDG-00097,121.3,2,18,electric,poor,21.1,,0,443.0
BLDG-00098,266.0,5,65,gas,poor,22.5,5.17,1,538.8
BLDG-00099,93.4,4,53,electric,average,21.7,0.0,1,456.3
BLDG-00100,357.3,4,75,electric,average,20.5,0.0,1,471.5
BLDG-00101,232.0,3,69,heat_pump,poor,22.5,,0,458.4
BLDG-00102,175.6,4,55,gas,average,18.7,,0,358.7
BLDG-00103,383.9,3,62,gas,poor,22.1,,0,459.3
BLDG-00104,174.3,2,73,gas,average,17.5,,0,236.4
BLDG-00105,312.7,5,57,heat_pump,average,21.3,1.83,1,327.3
BLDG-00106,378.5,3,48,gas,average,20.6,0.0,1,449.4
BLDG-00107,442.9,3,40,gas,poor,20.3,0.0,1,661.2
BLDG-00108,88.7,1,10,heat_pump,average,22.8,,0,261.9
BLDG-00109,209.4,2,2,heat_pump,poor,21.9,0.0,1,405.3
BLDG-00110,327.0,3,8,none,average,,,0,285.4
BLDG-00111,320.9,6,10,gas,average,19.3,2.52,1,518.4
BLDG-00112,468.9,2,31,gas,average,18.8,,0,627.5
BLDG-00113,47.7,6,61,heat_pump,good,19.1,,0,170.7
BLDG-00114,218.4,2,78,heat_pump,poor,20.4,0.0,1,470.9
BLDG-00115,235.3,3,74,heat_pump,average,17.8,0.0,1,295.6
BLDG-00116,371.6,2,43,heat_pump,average,17.8,,0,370.3
BLDG-00117,379.8,1,49,gas,average,18.4,,0,359.0
BLDG-00118,255.1,2,43,none,poor,,0.0,1,274.1
BLDG-00119,80.3,2,74,heat_pump,good,19.6,,0,286.1
BLDG-00120,62.9,2,30,gas,poor,23.2,,0,324.4
BLDG-00121,247.7,4,36,electric,average,21.1,,0,375.1
BLDG-00122,479.2,1,8,electric,good,22.3,0.0,1,406.0
BLDG-00123,446.3,4,59,electric,poor,22.1,0.0,1,754.8
BLDG-00124,392.6,2,30,gas,good,20.8,0.0,1,377.0
BLDG-00125,166.1,4,30,heat_pump,good,18.9,0.0,1,279.6
BLDG-00126,327.5,3,75,gas,poor,20.9,0.0,1,459.1
BLDG-00127,452.9,4,25,gas,average,20.3,,0,558.5
BLDG-00128,403.0,7,51,heat_pump,average,21.0,,0,551.8
BLDG-00129,445.3,2,65,electric,average,20.4,,0,639.6
BLDG-00130,252.7,4,18,heat_pump,average,22.2,,0,409.9
BLDG-00131,441.3,4,54,electric,good,23.0,0.56,1,412.8
BLDG-00132,220.3,2,24,electric,average,18.2,0.0,1,302.2
BLDG-00133,257.7,3,73,electric,average,17.0,0.0,1,374.1
BLDG-00134,407.3,1,80,none,average,,,0,376.3
BLDG-00135,368.7,2,64,none,average,,0.0,1,410.0
BLDG-00136,221.0,4,56,electric,poor,20.2,0.0,1,428.1
BLDG-00137,203.2,1,66,heat_pump,poor,24.1,,0,372.4
BLDG-00138,286.8,4,32,electric,average,23.3,,0,445.2
BLDG-00139,329.8,7,26,electric,poor,21.7,5.1,1,484.8
BLDG-00140,410.4,3,41,electric,good,18.5,5.45,1,393.0
BLDG-00141,120.0,1,64,gas,average,22.6,0.0,1,377.0
BLDG-00142,64.5,4,6,electric,average,21.3,0.0,1,298.4
BLDG-00143,127.8,3,62,electric,average,20.5,0.0,1,335.8
BLDG-00144,422.2,2,4,electric,average,18.7,0.0,1,519.4
BLDG-00145,425.0,2,27,gas,average,21.2,0.0,1,311.8
BLDG-00146,306.0,2,44,gas,average,18.6,,0,322.6
BLDG-00147,312.9,3,24,gas,good,20.3,0.0,1,365.8
BLDG-00148,355.7,2,79,gas,poor,20.3,0.0,1,521.8
BLDG-00149,217.1,6,26,gas,good,23.7,,0,252.7
BLDG-00150,132.8,4,22,none,average,,,0,278.2
BLDG-00151,398.7,6,31,electric,average,22.3,,0,592.2
BLDG-00152,262.2,4,40,electric,average,21.2,,0,478.3
BLDG-00153,109.9,3,59,gas,average,22.5,0.0,1,284.8
BLDG-00154,198.8,6,21,gas,average,21.9,3.79,1,382.3
BLDG-00155,165.7,2,56,electric,poor,19.6,0.0,1,413.3
BLDG-00156,100.6,2,35,electric,good,18.5,2.26,1,283.9
BLDG-00157,103.5,5,75,electric,average,20.6,10.73,1,271.6
BLDG-00158,414.7,4,65,electric,average,21.9,0.0,1,555.3
BLDG-00159,205.8,4,47,electric,poor,18.8,,0,504.2
BLDG-00160,320.9,5,31,electric,average,24.5,0.0,1,389.5
BLDG-00161,396.5,3,70,heat_pump,average,18.8,,0,385.4
BLDG-00162,110.8,3,28,heat_pump,poor,16.8,0.0,1,221.4
BLDG-00163,147.5,3,15,electric,average,22.6,0.0,1,345.6
BLDG-00164,471.3,2,21,heat_pump,average,17.0,,0,317.7
BLDG-00165,52.2,4,1,gas,average,20.9,0.0,1,397.9
BLDG-00166,355.5,1,64,heat_pump,good,19.6,0.0,1,74.4
BLDG-00167,256.2,2,67,gas,poor,19.0,3.74,1,463.4
BLDG-00168,339.7,5,62,electric,poor,21.2,0.0,1,540.3
BLDG-00169,442.2,2,49,heat_pump,average,21.7,2.79,1,264.6
BLDG-00170,410.0,3,67,electric,poor,18.9,0.0,1,755.5
BLDG-00171,66.6,3,40,gas,average,17.9,,0,191.9
BLDG-00172,389.4,2,67,heat_pump,average,20.8,0.0,1,362.3
BLDG-00173,325.6,2,8,heat_pump,good,21.3,5.12,1,318.8
BLDG-00174,308.9,3,62,electric,poor,17.6,0.0,1,478.2
BLDG-00175,252.5,5,21,heat_pump,good,17.1,7.08,1,289.8
BLDG-00176,97.4,6,10,heat_pump,average,21.1,0.0,1,365.4
BLDG-00177,275.4,2,4,electric,good,19.2,,0,252.6
BLDG-00178,78.1,2,53,heat_pump,good,21.4,3.0,1,238.4
BLDG-00179,415.5,2,79,gas,average,22.1,,0,554.1
BLDG-00180,398.6,2,52,none,poor,,0.0,1,486.3
BLDG-00181,367.5,3,71,gas,good,18.5,1.92,1,481.0
BLDG-00182,312.8,1,8,heat_pump,poor,21.2,,0,328.8
BLDG-00183,419.0,4,44,electric,poor,19.8,0.77,1,703.8
BLDG-00184,110.9,1,72,heat_pump,poor,17.1,,0,166.4
BLDG-00185,172.3,1,19,electric,good,23.0,,0,243.9
BLDG-00186,67.7,1,27,gas,poor,20.8,0.0,1,252.7
BLDG-00187,77.1,1,60,gas,poor,19.0,0.0,1,215.9
BLDG-00188,111.1,2,41,heat_pump,poor,17.4,,0,277.1
BLDG-00189,359.0,2,71,heat_pump,average,20.5,,0,464.0
BLDG-00190,259.0,5,6,electric,average,23.2,1.37,1,447.5
BLDG-00191,308.2,4,2,gas,poor,21.5,,0,424.3
BLDG-00192,129.0,2,18,heat_pump,average,19.2,,0,151.4
BLDG-00193,354.5,2,74,electric,average,19.4,3.57,1,444.5
BLDG-00194,273.3,5,79,gas,average,21.9,,0,385.6
BLDG-00195,244.2,5,8,gas,poor,21.6,3.11,1,412.2
BLDG-00196,429.9,4,17,heat_pump,average,21.1,0.0,1,378.4
BLDG-00197,219.1,1,28,electric,average,21.2,,0,372.1
BLDG-00198,270.5,6,1,none,average,,0.0,1,209.9
BLDG-00199,361.4,4,5,gas,good,19.0,0.0,1,285.4
BLDG-00200,349.7,1,5,none,poor,,0.0,1,427.9
BLDG-00201,153.9,5,54,gas,poor,22.3,0.0,1,437.2
BLDG-00202,169.4,1,3,heat_pump,poor,22.2,,0,387.7
BLDG-00203,189.4,2,17,heat_pump,average,21.9,7.79,1,379.9
BLDG-00204,111.5,5,21,none,good,,0.0,1,87.1
BLDG-00205,439.0,3,64,none,average,,,0,433.2
BLDG-00206,186.2,5,53,gas,good,21.9,0.0,1,386.6
BLDG-00207,278.8,2,10,none,poor,,0.0,1,402.1
BLDG-00208,89.8,1,77,heat_pump,good,17.6,,0,200.0
BLDG-00209,321.8,3,30,heat_pump,average,20.5,,0,456.1
BLDG-00210,327.9,2,37,electric,average,24.6,0.0,1,571.0
BLDG-00211,392.7,4,55,electric,poor,21.7,,0,544.7
BLDG-00212,187.9,1,63,none,average,,5.19,1,333.3
BLDG-00213,466.9,2,35,heat_pump,average,19.0,0.0,1,436.4
BLDG-00214,258.9,3,62,none,average,,0.0,1,282.8
BLDG-00215,50.7,2,15,gas,poor,17.5,0.0,1,328.8
BLDG-00216,61.2,1,41,gas,average,20.8,,0,176.5
BLDG-00217,76.6,4,33,heat_pump,poor,21.2,0.0,1,279.0
BLDG-00218,378.6,4,62,heat_pump,average,20.9,0.0,1,370.9
BLDG-00219,54.2,3,41,none,good,,,0,130.3
BLDG-00220,465.9,2,3,electric,good,22.9,,0,404.3
BLDG-00221,365.0,2,37,gas,poor,25.1,0.0,1,489.7
BLDG-00222,108.8,4,57,gas,average,18.9,0.0,1,317.9
BLDG-00223,54.2,3,46,gas,poor,21.1,0.0,1,306.5
BLDG-00224,457.6,1,31,electric,poor,22.4,0.0,1,694.9
BLDG-00225,278.8,4,8,gas,poor,18.6,,0,528.1
BLDG-00226,335.1,3,21,heat_pump,average,18.6,0.0,1,356.7
BLDG-00227,165.3,1,23,heat_pump,average,24.1,0.0,1,246.9
BLDG-00228,93.6,4,67,gas,good,21.0,1.39,1,306.8
BLDG-00229,258.5,2,37,gas,average,20.7,10.19,1,399.5
BLDG-00230,119.0,7,16,gas,poor,21.1,0.0,1,399.0
BLDG-00231,461.9,1,68,heat_pump,poor,18.6,,0,474.4
BLDG-00232,457.4,3,70,heat_pump,poor,24.2,0.0,1,593.9
BLDG-00233,383.5,4,39,gas,good,22.5,0.0,1,350.5
BLDG-00234,115.6,2,32,gas,average,22.3,0.0,1,284.2
BLDG-00235,176.2,1,30,gas,average,21.2,,0,472.5
BLDG-00236,121.9,3,19,gas,good,21.0,,0,345.2
BLDG-00237,111.4,1,3,electric,average,22.2,0.0,1,334.3
BLDG-00238,358.2,1,71,none,poor,,,0,411.4
BLDG-00239,257.4,2,49,gas,poor,22.5,0.0,1,561.9
BLDG-00240,459.4,6,43,gas,poor,19.8,1.28,1,565.4
BLDG-00241,309.6,1,2,heat_pump,average,21.1,0.0,1,406.3
BLDG-00242,107.0,6,20,electric,poor,21.4,,0,588.9
BLDG-00243,318.1,4,8,electric,poor,20.6,0.0,1,557.4
BLDG-00244,396.8,2,45,heat_pump,good,23.6,0.0,1,441.8
BLDG-00245,322.6,3,76,electric,good,21.3,,0,379.0
BLDG-00246,428.4,1,6,electric,poor,20.0,0.0,1,553.8
BLDG-00247,88.5,3,23,gas,good,19.5,0.0,1,68.4
BLDG-00248,247.2,4,27,heat_pump,good,17.4,,0,186.0
BLDG-00249,132.2,1,72,gas,average,19.1,0.0,1,299.8
BLDG-00250,394.7,5,13,none,average,,0.0,1,396.7
BLDG-00251,181.7,2,78,heat_pump,average,19.4,,0,322.5
BLDG-00252,132.0,1,25,electric,good,23.6,0.0,1,246.4
BLDG-00253,169.3,3,53,gas,poor,21.8,,0,352.9
BLDG-00254,182.6,1,43,gas,average,17.5,,0,338.9
BLDG-00255,344.4,5,59,gas,average,20.3,3.22,1,381.6
BLDG-00256,391.2,3,16,electric,good,19.0,0.0,1,203.3
BLDG-00257,212.6,1,12,gas,poor,22.0,,0,408.5
BLDG-00258,351.9,3,61,gas,good,21.3,,0,484.7
BLDG-00259,74.6,4,16,gas,poor,20.4,,0,278.2
BLDG-00260,393.7,2,43,heat_pump,average,23.1,0.0,1,443.3
BLDG-00261,396.0,5,63,electric,poor,20.7,,0,672.9
BLDG-00262,366.4,4,69,electric,average,20.0,,0,507.8
BLDG-00263,476.1,3,10,electric,average,19.0,3.7,1,537.5
BLDG-00264,197.8,3,20,electric,average,18.7,0.0,1,310.0
BLDG-00265,431.5,3,38,electric,average,22.6,0.0,1,520.5
BLDG-00266,293.6,3,65,electric,average,21.4,0.0,1,411.6
BLDG-00267,309.9,1,74,gas,poor,22.3,,0,424.6
BLDG-00268,270.8,2,40,gas,poor,20.3,,0,393.0
BLDG-00269,184.1,5,27,gas,average,16.5,,0,342.0
BLDG-00270,133.3,6,21,heat_pump,poor,20.4,,0,372.0
BLDG-00271,436.9,1,58,gas,good,21.4,0.0,1,384.8
BLDG-00272,457.8,3,38,electric,poor,19.6,0.0,1,566.0
BLDG-00273,340.2,3,35,gas,poor,18.2,0.0,1,467.6
BLDG-00274,89.2,5,67,heat_pump,average,19.6,0.0,1,254.4
BLDG-00275,196.5,1,44,electric,poor,21.1,,0,487.2
BLDG-00276,151.7,3,53,gas,poor,16.9,,0,374.0
BLDG-00277,175.7,1,13,heat_pump,average,19.9,0.0,1,286.3
BLDG-00278,335.7,5,25,gas,average,19.5,0.0,1,395.8
BLDG-00279,454.0,2,55,gas,good,22.8,0.0,1,308.3
BLDG-00280,245.2,3,16,electric,poor,19.8,,0,411.3
BLDG-00281,121.6,6,25,gas,poor,18.1,0.0,1,373.7
BLDG-00282,406.5,1,8,heat_pump,good,24.2,,0,331.2
BLDG-00283,398.7,3,6,electric,good,21.3,0.0,1,339.3
BLDG-00284,386.2,5,13,heat_pump,poor,22.5,0.0,1,651.5
BLDG-00285,376.1,4,15,gas,poor,21.2,0.0,1,599.0
BLDG-00286,107.1,1,3,gas,good,21.3,3.47,1,127.4
BLDG-00287,291.1,6,37,electric,average,21.6,0.0,1,418.7
BLDG-00288,456.3,4,6,gas,poor,22.3,,0,594.5
BLDG-00289,248.4,4,42,gas,good,19.9,,0,249.0
BLDG-00290,353.2,4,16,heat_pump,average,21.7,,0,393.2
BLDG-00291,184.0,5,10,gas,average,21.3,1.32,1,230.8
BLDG-00292,139.9,3,3,heat_pump,average,20.3,0.0,1,164.8
BLDG-00293,406.8,3,65,gas,poor,23.3,0.0,1,543.2
BLDG-00294,330.0,2,79,none,average,,0.0,1,368.5
BLDG-00295,416.4,1,3,gas,poor,20.1,,0,525.6
BLDG-00296,286.6,4,77,gas,poor,19.7,0.0,1,394.3
BLDG-00297,58.8,4,4,gas,poor,21.0,,0,337.8
BLDG-00298,420.0,3,52,electric,good,19.7,,0,416.1
BLDG-00299,425.7,4,9,electric,poor,21.3,0.0,1,554.5
BLDG-00300,318.6,2,75,electric,good,19.4,0.0,1,346.6
BLDG-00301,385.6,3,42,heat_pump,average,21.0,0.0,1,317.4
BLDG-00302,86.8,5,5,electric,average,21.2,,0,304.9
BLDG-00303,344.7,4,54,electric,good,22.9,4.91,1,441.8
BLDG-00304,192.5,2,26,none,poor,,8.87,1,284.6
BLDG-00305,453.2,3,66,electric,average,18.4,0.95,1,543.7
BLDG-00306,46.0,3,56,electric,average,22.0,1.68,1,377.2
BLDG-00307,415.5,8,20,none,average,,3.08,1,311.3
BLDG-00308,284.0,5,3,heat_pump,average,21.6,3.16,1,359.3
BLDG-00309,284.4,3,42,heat_pump,average,21.6,0.0,1,341.3
BLDG-00310,45.2,3,10,gas,good,20.5,4.61,1,338.3
BLDG-00311,432.8,2,24,electric,poor,21.0,,0,472.8
BLDG-00312,150.3,4,60,heat_pump,average,21.0,0.0,1,221.7
BLDG-00313,465.7,5,8,gas,good,24.1,,0,474.8
BLDG-00314,113.4,3,12,gas,average,20.5,0.0,1,367.3
BLDG-00315,82.5,1,58,gas,average,21.6,,0,194.0
BLDG-00316,400.0,6,46,heat_pump,poor,20.2,0.0,1,458.4
BLDG-00317,83.2,4,79,none,good,,,0,119.0
BLDG-00318,111.4,1,27,heat_pump,poor,17.4,0.0,1,374.6
BLDG-00319,126.9,3,46,gas,poor,21.8,0.0,1,264.7
BLDG-00320,261.6,5,61,electric,average,18.8,,0,507.5
BLDG-00321,245.5,1,72,gas,good,21.6,,0,340.1
BLDG-00322,357.8,2,36,electric,average,19.2,,0,534.7
BLDG-00323,138.2,2,4,heat_pump,average,20.2,0.0,1,283.1
BLDG-00324,448.0,1,15,heat_pump,average,19.6,0.0,1,401.3
BLDG-00325,426.3,3,27,gas,good,19.1,0.0,1,490.2
BLDG-00326,201.2,4,37,gas,average,20.1,0.0,1,185.0
BLDG-00327,312.6,2,65,gas,good,20.4,,0,379.7
BLDG-00328,239.1,1,36,electric,average,17.2,,0,441.2
BLDG-00329,233.3,8,42,electric,poor,20.5,0.0,1,685.6
BLDG-00330,102.2,4,50,electric,good,20.8,,0,362.7
BLDG-00331,253.2,3,63,gas,poor,21.4,0.0,1,469.6
BLDG-00332,65.0,2,70,gas,average,21.5,,0,412.9
BLDG-00333,295.5,4,33,gas,average,21.1,,0,568.7
BLDG-00334,335.0,3,0,heat_pump,average,20.6,0.0,1,400.3
BLDG-00335,84.8,2,23,electric,average,20.4,,0,267.5
BLDG-00336,172.6,1,20,gas,poor,20.5,0.0,1,380.5
BLDG-00337,452.5,3,57,none,average,,0.0,1,373.4
BLDG-00338,459.3,2,57,heat_pump,good,17.5,0.0,1,293.4
BLDG-00339,293.9,3,61,gas,average,21.8,,0,377.9
BLDG-00340,147.4,4,71,gas,good,18.4,,0,355.5
BLDG-00341,181.6,3,33,gas,average,22.0,2.38,1,273.0
BLDG-00342,239.3,5,4,gas,average,20.4,,0,325.2
BLDG-00343,321.6,3,17,gas,average,21.0,0.0,1,308.4
BLDG-00344,291.3,1,44,electric,poor,19.9,,0,449.6
BLDG-00345,393.7,4,51,electric,average,18.8,,0,381.2
BLDG-00346,318.0,1,43,electric,average,20.9,,0,442.0
BLDG-00347,234.3,5,37,heat_pump,poor,21.2,,0,416.3
BLDG-00348,175.6,4,22,heat_pump,poor,21.9,0.0,1,535.3
BLDG-00349,381.6,3,30,heat_pump,good,22.1,,0,169.2
BLDG-00350,269.2,4,57,heat_pump,good,24.0,,0,432.7
BLDG-00351,459.6,4,74,electric,good,24.4,0.0,1,494.6
BLDG-00352,427.7,7,49,heat_pump,poor,19.3,0.0,1,663.8
BLDG-00353,389.3,4,61,electric,good,17.8,,0,484.5
BLDG-00354,144.1,4,72,electric,good,21.8,0.0,1,363.8
BLDG-00355,68.8,4,59,heat_pump,average,20.8,,0,314.5
BLDG-00356,93.5,5,53,electric,average,19.5,0.0,1,263.5
BLDG-00357,284.2,7,80,electric,good,22.9,0.0,1,577.0
BLDG-00358,349.9,5,19,none,good,,0.0,1,418.5
BLDG-00359,164.9,3,49,none,average,,,0,209.4
BLDG-00360,474.1,1,2,gas,average,19.1,2.76,1,465.0
BLDG-00361,249.7,3,75,heat_pump,good,20.7,,0,200.2
BLDG-00362,54.1,2,75,heat_pump,poor,21.9,,0,286.1
BLDG-00363,421.7,1,75,gas,average,19.8,0.37,1,447.9
BLDG-00364,361.1,4,44,none,average,,,0,328.7
BLDG-00365,423.6,4,7,gas,good,20.3,,0,553.7
BLDG-00366,380.6,5,47,gas,good,20.6,,0,355.8
BLDG-00367,150.3,1,22,electric,average,19.8,0.0,1,282.9
BLDG-00368,105.4,3,13,electric,good,20.1,,0,196.8
BLDG-00369,186.7,6,59,none,poor,,,0,296.5
BLDG-00370,136.7,5,65,gas,good,20.4,,0,319.4
BLDG-00371,122.7,6,79,heat_pump,good,23.3,0.0,1,249.2
BLDG-00372,93.2,4,40,gas,average,19.9,0.0,1,252.3
BLDG-00373,198.5,2,23,gas,good,22.3,,0,270.9
BLDG-00374,238.8,1,25,gas,average,20.9,,0,425.7
BLDG-00375,131.7,4,69,electric,average,19.5,0.88,1,364.1
BLDG-00376,148.1,2,9,gas,poor,19.5,,0,218.3
BLDG-00377,95.9,2,40,heat_pump,poor,16.2,6.05,1,122.7
BLDG-00378,304.1,2,55,electric,poor,24.1,,0,597.5
BLDG-00379,473.3,2,4,electric,poor,19.4,0.0,1,679.2
BLDG-00380,130.0,2,19,heat_pump,good,22.7,,0,295.8
BLDG-00381,156.0,1,7,heat_pump,average,19.5,,0,258.4
BLDG-00382,388.4,5,67,gas,average,15.6,0.0,1,320.5
BLDG-00383,478.0,4,13,gas,average,19.5,0.0,1,561.1
BLDG-00384,365.6,1,56,heat_pump,average,22.0,0.0,1,370.0
BLDG-00385,440.1,1,68,gas,average,23.6,0.0,1,524.9
BLDG-00386,329.8,3,5,electric,good,22.5,0.0,1,396.4
BLDG-00387,72.0,4,48,heat_pump,poor,19.4,0.0,1,236.2
BLDG-00388,67.5,2,65,electric,poor,19.3,0.0,1,335.6
BLDG-00389,299.1,3,56,gas,average,20.7,0.0,1,399.5
BLDG-00390,223.5,1,75,heat_pump,average,18.3,0.0,1,392.3
BLDG-00391,384.2,3,77,none,average,,,0,419.6
BLDG-00392,116.0,2,55,gas,good,17.5,,0,212.0
BLDG-00393,238.7,2,41,gas,average,22.5,,0,257.4
BLDG-00394,380.9,1,34,gas,poor,19.2,,0,493.7
BLDG-00395,307.3,3,21,heat_pump,average,22.3,3.34,1,335.9
BLDG-00396,144.1,2,24,electric,good,19.1,,0,211.7
BLDG-00397,148.0,5,32,none,good,,,0,290.1
BLDG-00398,264.1,2,53,gas,average,19.9,0.0,1,291.0
BLDG-00399,259.9,2,7,gas,average,20.0,,0,295.8
BLDG-00400,389.0,1,25,electric,average,21.1,0.0,1,423.8
BLDG-00401,59.5,5,46,gas,average,21.1,0.0,1,326.6
BLDG-00402,219.2,3,33,electric,average,23.1,,0,309.9
BLDG-00403,98.1,3,10,electric,poor,22.0,0.0,1,427.4
BLDG-00404,455.2,3,20,heat_pump,average,19.0,,0,360.6
BLDG-00405,395.5,7,70,gas,poor,20.4,0.0,1,682.4
BLDG-00406,384.6,4,19,gas,average,18.5,,0,373.9
BLDG-00407,324.7,5,75,electric,poor,23.5,0.0,1,569.0
BLDG-00408,399.1,5,9,none,good,,0.0,1,169.6
BLDG-00409,384.4,3,17,gas,average,21.7,,0,347.0
BLDG-00410,451.5,2,18,gas,average,20.4,0.0,1,499.5
BLDG-00411,191.1,4,12,gas,good,23.5,0.0,1,316.2
BLDG-00412,219.3,6,56,gas,average,22.0,,0,462.2
BLDG-00413,127.4,5,19,heat_pump,average,21.1,0.0,1,261.0
BLDG-00414,377.3,5,9,gas,good,17.9,,0,377.9
BLDG-00415,465.7,4,70,gas,good,21.3,7.95,1,399.9
BLDG-00416,308.0,4,25,heat_pump,average,20.5,0.0,1,412.4
BLDG-00417,179.5,6,11,gas,good,22.8,,0,370.3
BLDG-00418,140.0,3,16,electric,poor,17.8,0.0,1,394.7
BLDG-00419,60.2,2,32,electric,poor,17.0,,0,389.0
BLDG-00420,189.0,4,38,electric,average,19.2,,0,315.5
BLDG-00421,99.2,1,31,heat_pump,good,22.9,0.0,1,209.1
BLDG-00422,62.9,2,9,none,average,,0.0,1,244.3
BLDG-00423,379.5,3,78,none,average,,2.33,1,361.2
BLDG-00424,289.7,3,52,electric,poor,19.6,2.95,1,575.0
BLDG-00425,153.5,6,64,electric,poor,20.3,0.0,1,509.0
BLDG-00426,445.5,3,60,gas,average,21.6,0.0,1,583.3
BLDG-00427,467.9,5,7,gas,poor,17.4,,0,542.5
BLDG-00428,408.9,3,2,gas,poor,21.2,0.0,1,558.7
BLDG-00429,108.9,1,29,gas,good,23.3,0.0,1,162.8
BLDG-00430,358.0,4,49,gas,good,19.6,0.0,1,309.7
BLDG-00431,125.0,6,36,gas,average,20.1,1.85,1,364.6
BLDG-00432,46.0,8,33,heat_pump,poor,21.6,,0,399.3
BLDG-00433,250.3,3,49,gas,average,21.5,,0,330.9
BLDG-00434,243.6,1,79,electric,poor,20.6,0.0,1,420.0
BLDG-00435,410.5,6,6,electric,average,18.5,1.81,1,590.9
BLDG-00436,425.1,3,39,gas,good,20.8,0.0,1,458.7
BLDG-00437,200.7,3,50,gas,poor,23.3,5.14,1,499.4
BLDG-00438,181.1,2,79,electric,poor,20.3,0.0,1,395.1
BLDG-00439,262.9,4,39,electric,good,18.7,,0,250.2
BLDG-00440,454.9,1,11,gas,average,21.9,0.0,1,400.3
BLDG-00441,189.6,1,32,heat_pump,average,21.3,,0,175.5
BLDG-00442,142.4,3,40,heat_pump,good,20.8,0.0,1,164.3
BLDG-00443,286.4,2,24,none,poor,,0.0,1,241.5
BLDG-00444,392.0,2,40,electric,average,22.0,0.0,1,585.8
BLDG-00445,127.3,4,64,electric,average,18.2,,0,399.1
BLDG-00446,413.3,4,45,gas,good,20.8,0.0,1,294.9
BLDG-00447,114.1,4,7,electric,average,17.7,,0,263.9
BLDG-00448,419.9,4,40,gas,average,17.3,3.95,1,461.9
BLDG-00449,257.2,6,18,electric,poor,22.5,0.0,1,539.7
BLDG-00450,421.5,1,12,electric,average,20.8,,0,413.0
BLDG-00451,124.0,4,14,electric,poor,25.1,4.09,1,420.8
BLDG-00452,77.4,2,45,heat_pump,average,19.7,,0,126.4
BLDG-00453,82.7,5,78,gas,poor,19.8,0.0,1,442.8
BLDG-00454,253.4,2,15,electric,average,21.2,2.12,1,388.7
BLDG-00455,326.0,2,45,electric,average,20.6,0.0,1,393.9
BLDG-00456,204.9,1,43,gas,poor,18.0,4.07,1,406.8
BLDG-00457,218.0,1,80,gas,average,17.5,0.0,1,339.5
BLDG-00458,346.2,3,75,electric,average,16.4,0.0,1,404.2
BLDG-00459,69.6,1,9,gas,average,19.8,0.0,1,202.1
BLDG-00460,140.1,3,56,heat_pump,good,20.5,0.0,1,111.6
BLDG-00461,324.8,4,49,electric,average,20.7,0.0,1,390.8
BLDG-00462,110.1,3,26,heat_pump,poor,20.7,0.0,1,341.3
BLDG-00463,129.1,7,33,gas,poor,21.3,0.0,1,419.3
BLDG-00464,111.5,3,42,heat_pump,good,19.8,0.0,1,162.8
BLDG-00465,327.4,4,37,electric,average,19.1,1.27,1,463.3
BLDG-00466,348.4,6,67,heat_pump,average,20.8,0.0,1,436.8
BLDG-00467,139.8,1,40,electric,average,21.9,,0,379.7
BLDG-00468,433.4,2,18,gas,average,21.1,,0,471.6
BLDG-00469,126.5,3,21,heat_pump,average,16.7,0.0,1,66.8
BLDG-00470,370.4,6,45,heat_pump,poor,22.8,0.0,1,454.2
BLDG-00471,345.9,3,30,heat_pump,good,19.8,0.0,1,360.1
BLDG-00472,239.2,6,74,gas,good,22.0,0.0,1,342.3
BLDG-00473,262.8,1,55,electric,good,22.0,0.0,1,299.1
BLDG-00474,232.7,1,39,none,good,,,0,302.0
BLDG-00475,140.2,3,29,electric,good,24.6,0.0,1,258.8
BLDG-00476,475.9,2,59,gas,average,20.5,0.0,1,495.8
BLDG-00477,186.5,1,75,heat_pump,good,20.2,0.0,1,263.6
BLDG-00478,180.4,4,77,gas,poor,20.4,0.0,1,354.1
BLDG-00479,448.4,5,40,heat_pump,average,20.2,,0,367.9
BLDG-00480,240.9,1,4,heat_pump,average,19.7,,0,343.0
BLDG-00481,451.8,1,61,none,poor,,0.0,1,491.4
BLDG-00482,366.4,6,43,none,good,,,0,482.1
BLDG-00483,54.4,4,10,gas,average,17.8,0.0,1,260.7
BLDG-00484,214.7,5,66,electric,average,20.7,,0,345.2
BLDG-00485,106.0,2,2,gas,average,18.7,0.0,1,239.0
BLDG-00486,142.3,5,32,electric,poor,19.2,,0,261.6
BLDG-00487,353.1,6,1,heat_pump,average,17.9,,0,438.1
BLDG-00488,360.2,7,80,heat_pump,good,20.5,,0,497.5
BLDG-00489,319.3,4,52,electric,good,19.8,0.0,1,377.0
BLDG-00490,316.6,2,71,heat_pump,poor,18.3,0.0,1,502.0
BLDG-00491,314.5,4,56,gas,poor,17.2,0.0,1,500.3
BLDG-00492,305.3,4,53,heat_pump,good,20.2,0.0,1,308.5
BLDG-00493,137.5,2,74,heat_pump,poor,21.7,,0,249.5
BLDG-00494,299.5,4,55,electric,poor,19.6,0.0,1,646.7
BLDG-00495,408.2,2,7,electric,average,19.1,4.77,1,488.6
BLDG-00496,239.3,4,47,electric,average,23.5,0.0,1,441.7
BLDG-00497,123.9,5,16,heat_pump,poor,19.5,0.0,1,229.8
BLDG-00498,160.2,6,55,none,good,,0.21,1,198.0
BLDG-00499,303.8,6,45,gas,good,18.8,,0,406.6
BLDG-00500,105.2,5,37,gas,average,22.2,,0,335.5
BLDG-00501,290.9,5,55,none,poor,,0.0,1,358.8
BLDG-00502,372.1,6,35,heat_pump,average,20.7,2.59,1,434.8
BLDG-00503,259.2,2,42,electric,average,20.4,0.0,1,353.5
BLDG-00504,175.9,1,12,heat_pump,poor,18.5,0.0,1,285.3
BLDG-00505,66.5,2,66,electric,good,21.1,,0,173.4
BLDG-00506,67.2,2,54,electric,poor,21.3,,0,390.8
BLDG-00507,179.9,4,32,electric,average,22.3,0.0,1,518.6
BLDG-00508,87.5,7,21,electric,poor,21.1,0.56,1,397.4
BLDG-00509,179.2,3,67,gas,average,21.6,1.68,1,252.5
BLDG-00510,123.1,2,18,heat_pump,average,21.6,4.03,1,186.9
BLDG-00511,279.6,2,37,electric,average,21.9,0.0,1,413.5
BLDG-00512,142.9,3,18,heat_pump,good,17.3,,0,203.4
BLDG-00513,153.5,9,2,gas,good,18.3,0.0,1,252.8
BLDG-00514,275.5,5,16,gas,good,21.7,0.0,1,275.6
BLDG-00515,88.7,3,61,heat_pump,average,21.4,,0,349.7
BLDG-00516,422.0,4,31,gas,average,19.2,0.0,1,383.2
BLDG-00517,147.4,1,14,electric,average,19.0,,0,234.9
BLDG-00518,207.2,2,49,none,average,,0.0,1,265.5
BLDG-00519,217.0,5,42,gas,good,24.1,,0,220.8
BLDG-00520,445.9,1,24,heat_pump,poor,20.1,,0,389.7
BLDG-00521,310.6,2,20,gas,poor,21.7,0.0,1,498.5
BLDG-00522,477.1,1,4,gas,average,20.7,,0,489.9
BLDG-00523,384.5,5,28,gas,poor,18.1,0.0,1,503.6
BLDG-00524,144.8,7,35,gas,poor,19.2,,0,427.4
BLDG-00525,462.2,3,35,heat_pump,good,19.1,0.0,1,410.9
BLDG-00526,187.1,4,39,heat_pump,average,20.7,,0,219.7
BLDG-00527,102.5,3,17,heat_pump,good,21.1,4.05,1,133.5
BLDG-00528,454.3,5,46,gas,good,21.6,1.86,1,495.5
BLDG-00529,445.9,6,70,electric,good,19.5,0.0,1,591.6
BLDG-00530,341.9,2,78,electric,good,20.2,,0,311.1
BLDG-00531,230.5,4,62,heat_pump,average,24.8,,0,381.4
BLDG-00532,186.4,3,19,heat_pump,good,23.8,,0,376.0
BLDG-00533,127.9,2,61,none,average,,0.0,1,113.2
BLDG-00534,116.9,2,78,none,average,,,0,133.1
BLDG-00535,153.6,3,80,gas,average,17.7,,0,407.5
BLDG-00536,215.5,6,4,electric,good,21.3,,0,447.0
BLDG-00537,164.7,3,40,gas,average,21.0,,0,375.7
BLDG-00538,235.9,3,23,gas,average,17.9,,0,465.7
BLDG-00539,471.3,4,58,heat_pump,good,18.3,,0,479.4
BLDG-00540,140.0,3,60,gas,average,19.2,2.15,1,229.7
BLDG-00541,72.3,4,61,heat_pump,average,19.9,0.0,1,321.2
BLDG-00542,160.8,3,27,electric,good,19.0,0.0,1,253.5
BLDG-00543,309.8,3,18,electric,good,21.8,,0,483.3
BLDG-00544,196.4,2,18,electric,average,22.8,3.13,1,349.6
BLDG-00545,156.0,2,53,gas,good,21.1,,0,250.9
BLDG-00546,295.3,4,2,heat_pump,good,17.7,0.0,1,224.8
BLDG-00547,354.3,2,5,gas,average,19.9,0.0,1,338.2
BLDG-00548,434.2,3,12,electric,average,21.5,,0,447.2
BLDG-00549,310.3,4,36,gas,poor,18.9,,0,449.6
BLDG-00550,270.7,3,39,heat_pump,good,21.8,5.35,1,331.5
BLDG-00551,219.5,3,41,electric,average,23.5,0.0,1,350.5
BLDG-00552,165.1,1,79,gas,poor,20.0,0.0,1,246.0
BLDG-00553,183.8,1,59,none,average,,,0,102.2
BLDG-00554,47.3,2,5,gas,average,21.3,0.0,1,316.3
BLDG-00555,116.6,3,72,heat_pump,poor,17.5,,0,202.9
BLDG-00556,208.5,1,42,electric,good,20.5,0.0,1,221.1
BLDG-00557,92.9,5,21,none,poor,,,0,293.7
BLDG-00558,415.2,4,75,heat_pump,good,20.9,,0,292.6
BLDG-00559,350.9,3,47,heat_pump,good,22.4,0.0,1,335.9
BLDG-00560,282.9,1,17,electric,good,19.8,,0,389.1
BLDG-00561,262.2,1,60,gas,poor,20.5,0.0,1,431.1
BLDG-00562,456.5,3,70,electric,average,18.5,,0,475.4
BLDG-00563,268.4,1,25,gas,good,21.3,0.0,1,328.1
BLDG-00564,451.8,3,57,electric,good,20.5,,0,471.9
BLDG-00565,247.9,6,38,heat_pump,poor,23.4,2.49,1,354.4
BLDG-00566,444.7,2,3,gas,poor,21.7,,0,522.9
BLDG-00567,68.4,2,35,heat_pump,average,19.1,0.61,1,210.7
BLDG-00568,99.8,2,39,gas,average,19.2,0.0,1,278.6
BLDG-00569,266.9,3,35,heat_pump,average,20.4,0.0,1,342.0
BLDG-00570,308.8,1,35,none,average,,4.46,1,292.4
BLDG-00571,83.0,7,50,heat_pump,poor,18.2,,0,264.4
BLDG-00572,143.3,4,32,none,poor,,0.0,1,306.2
BLDG-00573,129.7,1,16,heat_pump,poor,17.2,4.66,1,255.4
BLDG-00574,182.7,5,43,heat_pump,poor,19.7,,0,383.4
BLDG-00575,54.4,4,45,heat_pump,good,23.6,0.0,1,204.4
BLDG-00576,469.1,7,63,gas,average,19.8,,0,509.8
BLDG-00577,397.0,3,15,electric,average,19.2,0.0,1,508.2
BLDG-00578,308.2,4,43,none,good,,3.54,1,146.1
BLDG-00579,268.1,3,66,electric,poor,22.9,0.0,1,685.3
BLDG-00580,289.0,3,68,none,average,,0.0,1,349.8
BLDG-00581,196.5,4,42,electric,average,21.2,,0,294.4
BLDG-00582,177.1,1,62,heat_pump,good,18.2,0.0,1,310.7
BLDG-00583,124.4,2,78,gas,average,21.7,,0,247.0
BLDG-00584,125.7,1,52,none,average,,,0,106.9
BLDG-00585,79.3,2,59,heat_pump,average,19.7,0.0,1,215.0
BLDG-00586,166.0,5,38,heat_pump,good,23.6,0.0,1,337.7
BLDG-00587,136.1,4,70,gas,average,17.0,,0,324.3
BLDG-00588,48.2,2,24,heat_pump,good,18.7,,0,171.5
BLDG-00589,415.7,3,74,electric,good,20.7,,0,399.4
BLDG-00590,58.3,1,55,gas,good,21.8,1.87,1,262.7
BLDG-00591,291.9,6,15,electric,good,20.9,0.0,1,313.4
BLDG-00592,65.9,2,35,electric,poor,20.2,0.0,1,338.0
BLDG-00593,304.0,4,18,gas,average,19.9,,0,440.0
BLDG-00594,325.4,4,0,electric,average,19.4,11.16,1,383.5
BLDG-00595,399.8,3,52,electric,average,20.0,3.82,1,459.1
BLDG-00596,95.9,3,11,electric,poor,24.2,0.0,1,500.2
BLDG-00597,446.4,3,8,electric,poor,20.8,0.0,1,713.0
BLDG-00598,431.3,4,3,none,poor,,0.0,1,598.8
BLDG-00599,313.8,2,16,heat_pump,average,18.3,,0,358.2
BLDG-00600,289.7,4,75,gas,good,21.6,,0,290.2
BLDG-00601,110.7,1,59,gas,average,20.9,,0,277.9
BLDG-00602,282.9,1,47,gas,average,15.9,0.0,1,369.1
BLDG-00603,340.1,1,70,heat_pump,good,19.0,0.0,1,267.7
BLDG-00604,380.0,3,60,gas,average,20.4,0.0,1,351.1
BLDG-00605,210.0,3,24,electric,poor,21.4,1.41,1,387.7
BLDG-00606,197.9,1,3,heat_pump,average,18.6,0.0,1,162.0
BLDG-00607,161.9,5,79,electric,poor,21.7,,0,444.5
BLDG-00608,424.0,3,64,heat_pump,poor,22.8,,0,517.7
BLDG-00609,350.3,4,16,electric,good,22.4,,0,375.4
BLDG-00610,96.5,3,46,electric,poor,19.0,0.0,1,471.8
BLDG-00611,423.7,1,78,heat_pump,good,18.9,,0,279.3
BLDG-00612,89.4,2,58,none,poor,,,0,259.5
BLDG-00613,222.0,2,75,heat_pump,average,26.4,0.0,1,327.2
BLDG-00614,254.1,3,62,gas,poor,18.5,,0,452.3
BLDG-00615,332.1,1,36,gas,average,20.4,0.0,1,464.8
BLDG-00616,257.0,6,21,gas,good,20.4,0.0,1,445.7
BLDG-00617,56.3,3,35,gas,average,22.6,0.0,1,252.8
BLDG-00618,339.4,3,13,gas,good,21.1,,0,266.7
BLDG-00619,316.7,7,34,heat_pump,poor,22.7,0.0,1,483.2
BLDG-00620,93.0,1,75,gas,average,21.7,0.0,1,296.1
BLDG-00621,120.7,6,55,heat_pump,good,20.9,,0,212.4
BLDG-00622,254.4,3,60,gas,good,19.0,0.0,1,256.6
BLDG-00623,321.1,2,34,gas,average,18.8,,0,392.9
BLDG-00624,418.1,1,27,electric,poor,17.4,,0,374.4
BLDG-00625,292.9,4,70,electric,good,19.4,,0,489.3
BLDG-00626,129.9,1,74,heat_pump,poor,19.7,0.0,1,394.1
BLDG-00627,381.9,2,57,heat_pump,average,24.2,0.0,1,435.0
BLDG-00628,468.8,4,26,electric,average,24.5,,0,570.6
BLDG-00629,192.9,3,79,heat_pump,poor,17.2,,0,348.0
BLDG-00630,452.2,3,33,heat_pump,average,20.8,0.0,1,370.2
BLDG-00631,82.2,2,73,electric,average,24.4,,0,342.3
BLDG-00632,57.2,6,80,gas,poor,21.0,0.0,1,354.9
BLDG-00633,350.6,1,35,electric,average,20.6,,0,395.3
BLDG-00634,383.0,3,51,electric,average,21.8,0.0,1,514.6
BLDG-00635,306.2,2,64,heat_pump,good,22.3,0.0,1,368.7
BLDG-00636,84.7,6,58,heat_pump,average,20.9,0.0,1,301.9
BLDG-00637,341.8,2,74,gas,poor,19.1,6.91,1,561.5
BLDG-00638,99.3,2,12,heat_pump,average,19.0,0.0,1,168.2
BLDG-00639,185.1,2,26,none,average,,,0,178.9
BLDG-00640,410.7,1,29,gas,average,19.0,,0,387.3
BLDG-00641,126.8,1,54,gas,average,18.6,0.0,1,244.4
BLDG-00642,286.5,1,6,heat_pump,good,19.3,,0,124.3
BLDG-00643,362.2,4,26,gas,poor,21.4,0.0,1,545.8
BLDG-00644,322.4,1,63,electric,good,20.6,,0,394.3
BLDG-00645,173.9,6,34,electric,average,21.3,0.0,1,272.5
BLDG-00646,270.0,2,3,electric,average,17.6,0.0,1,220.9
BLDG-00647,214.5,2,2,gas,average,22.6,,0,280.2
BLDG-00648,183.2,6,26,electric,poor,20.4,0.0,1,448.9
BLDG-00649,238.1,2,37,none,good,,0.67,1,72.4
BLDG-00650,217.5,2,46,electric,average,19.1,,0,328.1
BLDG-00651,70.6,2,62,electric,good,20.1,,0,231.0
BLDG-00652,283.9,6,44,heat_pump,good,22.4,,0,294.6
BLDG-00653,283.8,2,35,heat_pump,poor,20.2,,0,435.8
BLDG-00654,450.6,3,75,heat_pump,good,19.0,0.0,1,367.5
BLDG-00655,387.9,4,47,heat_pump,average,21.9,0.0,1,502.2
BLDG-00656,393.4,2,7,gas,average,21.0,0.0,1,453.0
BLDG-00657,91.4,5,12,heat_pump,good,22.0,,0,310.7
BLDG-00658,169.3,6,44,electric,good,17.2,0.0,1,415.9
BLDG-00659,90.3,6,61,electric,poor,19.8,,0,372.1
BLDG-00660,177.9,3,41,heat_pump,poor,21.9,,0,360.6
BLDG-00661,444.1,2,47,electric,average,21.0,0.0,1,518.1
BLDG-00662,260.9,3,17,heat_pump,average,22.4,0.0,1,381.8
BLDG-00663,354.1,8,37,none,average,,,0,451.0
BLDG-00664,250.0,4,12,none,average,,0.0,1,159.2
BLDG-00665,114.6,2,20,electric,poor,24.9,,0,347.5
BLDG-00666,393.8,3,32,heat_pump,good,21.4,0.0,1,222.1
BLDG-00667,250.4,1,49,electric,poor,22.1,,0,538.4
BLDG-00668,151.3,3,5,gas,poor,20.6,,0,317.0
BLDG-00669,183.5,2,11,gas,good,19.7,,0,341.0
BLDG-00670,223.5,7,72,gas,average,19.4,0.0,1,382.5
BLDG-00671,420.9,1,74,gas,poor,21.9,1.35,1,584.7
BLDG-00672,65.9,2,56,electric,average,19.1,3.97,1,292.9
BLDG-00673,232.6,5,19,heat_pump,average,24.0,0.0,1,338.8
BLDG-00674,163.1,2,21,gas,average,21.6,,0,231.5
BLDG-00675,471.5,4,5,electric,poor,21.1,0.0,1,546.2
BLDG-00676,399.9,2,38,heat_pump,poor,21.4,0.0,1,450.8
BLDG-00677,378.3,1,38,electric,good,18.3,0.0,1,494.9
BLDG-00678,469.8,2,47,electric,good,19.9,,0,374.6
BLDG-00679,59.9,4,19,heat_pump,average,19.8,,0,193.0
BLDG-00680,456.0,3,44,gas,average,19.3,0.0,1,510.3
BLDG-00681,104.5,6,65,gas,good,21.3,,0,259.0
BLDG-00682,106.0,3,78,gas,average,21.7,3.72,1,367.6
BLDG-00683,170.6,3,65,gas,good,22.5,,0,347.1
BLDG-00684,279.6,4,28,electric,average,23.5,0.0,1,340.8
BLDG-00685,442.9,4,63,heat_pump,average,21.3,2.83,1,471.9
BLDG-00686,65.1,2,30,electric,average,19.8,,0,309.1
BLDG-00687,362.9,4,38,electric,good,19.2,,0,383.5
BLDG-00688,107.0,1,12,heat_pump,poor,21.2,,0,271.5
BLDG-00689,147.8,3,72,gas,poor,19.0,0.0,1,608.5
BLDG-00690,143.6,4,56,gas,average,25.6,,0,489.8
BLDG-00691,243.6,3,23,heat_pump,good,20.3,0.0,1,165.8
BLDG-00692,74.9,4,44,gas,poor,20.2,0.0,1,462.7
BLDG-00693,115.0,3,24,gas,poor,21.0,,0,136.3
BLDG-00694,469.1,1,41,electric,poor,17.7,0.0,1,539.0
BLDG-00695,277.1,5,50,heat_pump,poor,20.4,0.0,1,450.3
BLDG-00696,268.8,6,76,gas,poor,21.3,,0,536.4
BLDG-00697,117.4,3,75,heat_pump,good,17.5,,0,256.3
BLDG-00698,410.6,1,28,gas,average,17.7,0.0,1,560.6
BLDG-00699,187.8,3,56,heat_pump,good,24.5,2.67,1,126.8
BLDG-00700,417.4,3,52,gas,poor,19.6,0.0,1,571.6
BLDG-00701,125.4,2,77,gas,average,19.7,0.0,1,278.2
BLDG-00702,70.1,7,49,heat_pump,average,21.3,,0,212.4
BLDG-00703,290.3,2,7,electric,good,18.8,,0,327.6
BLDG-00704,92.2,3,40,heat_pump,poor,19.0,,0,369.2
BLDG-00705,160.0,1,32,electric,average,21.5,0.0,1,335.4
BLDG-00706,213.0,2,44,electric,poor,18.0,0.0,1,472.8
BLDG-00707,348.2,4,37,heat_pump,good,22.0,,0,260.6
BLDG-00708,303.2,3,48,heat_pump,average,21.6,0.0,1,315.4
BLDG-00709,244.2,2,57,electric,poor,19.8,0.0,1,457.4
BLDG-00710,153.8,1,44,none,good,,1.64,1,40.0
BLDG-00711,120.5,6,46,gas,poor,21.8,0.0,1,352.0
BLDG-00712,107.3,4,25,gas,poor,20.2,,0,468.8
BLDG-00713,360.7,4,28,heat_pump,average,20.2,2.09,1,450.3
BLDG-00714,227.8,1,69,gas,good,20.4,0.0,1,173.7
BLDG-00715,280.7,1,23,electric,poor,20.3,0.0,1,468.0
BLDG-00716,447.5,2,27,heat_pump,average,19.5,,0,348.9
BLDG-00717,319.4,6,9,heat_pump,good,21.0,0.0,1,347.1
BLDG-00718,284.6,3,2,heat_pump,good,17.8,,0,205.0
BLDG-00719,216.7,1,54,electric,average,20.5,,0,371.1
BLDG-00720,375.4,3,17,heat_pump,good,18.5,,0,320.1
BLDG-00721,414.7,3,23,gas,average,21.5,0.0,1,526.8
BLDG-00722,196.8,5,71,gas,good,20.4,0.0,1,316.5
BLDG-00723,66.9,5,37,gas,average,19.7,0.0,1,260.3
BLDG-00724,140.3,1,23,electric,poor,19.3,0.0,1,371.1
BLDG-00725,168.1,2,8,gas,good,19.6,,0,160.0
BLDG-00726,133.6,1,19,heat_pump,good,21.6,0.0,1,84.2
BLDG-00727,230.2,3,50,electric,average,20.7,0.0,1,462.5
BLDG-00728,168.8,5,66,heat_pump,poor,19.8,0.0,1,326.6
BLDG-00729,225.8,5,72,none,good,,,0,285.5
BLDG-00730,374.9,4,8,electric,average,21.7,0.0,1,551.2
BLDG-00731,265.3,4,17,gas,average,21.2,,0,405.0
BLDG-00732,191.4,3,45,electric,poor,19.3,0.0,1,465.7
BLDG-00733,66.2,2,46,gas,average,22.3,,0,278.7
BLDG-00734,205.7,7,50,gas,poor,21.9,,0,387.4
BLDG-00735,197.1,3,78,gas,good,18.3,0.0,1,323.8
BLDG-00736,175.1,5,41,gas,poor,18.4,,0,575.3
BLDG-00737,208.6,1,80,electric,average,21.1,,0,323.0
BLDG-00738,354.7,3,41,heat_pump,good,20.6,,0,305.1
BLDG-00739,91.5,4,53,gas,average,19.0,0.0,1,279.0
BLDG-00740,343.6,6,24,heat_pump,good,21.5,,0,338.0
BLDG-00741,213.1,3,2,gas,average,18.4,0.0,1,332.2
BLDG-00742,288.3,2,53,electric,average,16.7,,0,397.3
BLDG-00743,453.3,3,74,none,average,,0.0,1,344.4
BLDG-00744,475.5,1,49,none,average,,,0,302.8
BLDG-00745,141.5,2,49,electric,average,19.7,0.0,1,484.4
BLDG-00746,141.5,4,79,none,poor,,0.0,1,307.7
BLDG-00747,100.8,4,59,gas,good,21.5,0.0,1,329.5
BLDG-00748,172.7,5,15,none,good,,,0,315.7
BLDG-00749,114.3,1,22,gas,good,18.3,,0,134.8
BLDG-00750,307.2,2,61,gas,average,16.8,,0,267.5
BLDG-00751,327.9,2,18,gas,average,20.5,0.0,1,423.1
BLDG-00752,323.0,3,5,none,good,,0.71,1,321.7
BLDG-00753,197.6,7,53,gas,average,20.3,0.0,1,355.1
BLDG-00754,322.9,4,34,electric,poor,22.5,0.0,1,580.2
BLDG-00755,215.6,4,37,gas,average,17.7,0.0,1,472.8
BLDG-00756,354.6,2,6,electric,average,19.4,,0,404.7
BLDG-00757,214.8,3,4,electric,poor,22.1,,0,384.3
BLDG-00758,185.4,1,24,gas,poor,18.2,0.0,1,236.4
BLDG-00759,207.7,3,42,none,poor,,,0,295.1
BLDG-00760,121.9,4,65,heat_pump,average,19.9,,0,194.5
BLDG-00761,170.6,4,7,electric,poor,16.8,3.02,1,373.7
BLDG-00762,246.0,2,29,electric,good,22.5,0.0,1,262.2
BLDG-00763,419.3,2,11,electric,average,17.8,0.0,1,480.0
BLDG-00764,95.0,1,36,gas,good,24.3,0.0,1,262.9
BLDG-00765,236.0,3,44,electric,average,21.3,0.0,1,323.5
BLDG-00766,384.7,4,61,electric,average,19.7,1.23,1,575.6
BLDG-00767,331.2,6,28,none,average,,,0,307.9
BLDG-00768,316.9,2,64,none,good,,0.0,1,362.9
BLDG-00769,317.2,7,47,electric,good,20.6,1.1,1,522.7
BLDG-00770,176.4,4,63,heat_pump,average,21.1,,0,333.7
BLDG-00771,414.1,4,47,heat_pump,poor,20.2,2.39,1,518.2
BLDG-00772,352.6,5,61,heat_pump,poor,19.6,,0,479.5
BLDG-00773,138.7,1,2,heat_pump,average,21.6,0.0,1,234.6
BLDG-00774,423.2,2,5,gas,average,20.3,,0,415.7
BLDG-00775,243.4,4,31,heat_pump,poor,19.0,0.0,1,359.2
BLDG-00776,477.6,5,61,electric,average,19.7,,0,722.7
BLDG-00777,167.9,5,78,electric,good,19.7,,0,300.6
BLDG-00778,285.6,1,21,heat_pump,average,19.0,0.0,1,336.9
BLDG-00779,124.1,2,79,heat_pump,good,22.6,,0,108.6
BLDG-00780,269.4,3,19,heat_pump,average,16.3,2.1,1,326.3
BLDG-00781,404.5,1,50,gas,average,18.6,0.0,1,473.8
BLDG-00782,179.1,4,8,electric,average,21.1,,0,285.7
BLDG-00783,446.2,5,62,none,poor,,0.0,1,471.8
BLDG-00784,125.8,2,52,gas,average,20.4,2.31,1,327.6
BLDG-00785,86.7,2,33,electric,poor,19.6,,0,470.7
BLDG-00786,89.3,7,61,electric,good,18.8,,0,335.1
BLDG-00787,261.8,4,24,heat_pump,good,21.0,,0,265.6
BLDG-00788,189.2,4,6,gas,average,18.8,0.0,1,356.6
BLDG-00789,126.0,1,44,electric,average,22.1,0.0,1,328.4
BLDG-00790,331.0,3,37,heat_pump,average,20.3,,0,261.2
BLDG-00791,343.4,2,61,electric,poor,20.1,,0,598.5
BLDG-00792,226.3,5,48,heat_pump,poor,17.8,,0,461.4
BLDG-00793,269.1,5,75,heat_pump,average,19.7,,0,295.7
BLDG-00794,473.3,1,57,heat_pump,poor,21.0,3.04,1,443.7
BLDG-00795,454.4,1,12,gas,poor,22.9,,0,560.5
BLDG-00796,100.4,7,78,electric,good,21.4,0.72,1,444.3
BLDG-00797,50.6,3,48,heat_pump,good,18.1,,0,213.9
BLDG-00798,425.9,2,41,heat_pump,poor,20.8,0.0,1,379.0
BLDG-00799,392.8,2,54,electric,average,19.5,0.0,1,405.4
BLDG-00800,437.7,2,5,none,poor,,,0,365.0
BLDG-00801,149.1,3,15,electric,average,19.4,3.91,1,237.5
BLDG-00802,417.4,2,51,electric,average,21.1,6.57,1,409.2
BLDG-00803,370.8,4,1,gas,good,16.8,,0,200.0
BLDG-00804,84.6,3,15,gas,average,19.2,0.0,1,241.8
BLDG-00805,145.9,3,12,heat_pump,average,20.2,0.0,1,297.5
BLDG-00806,418.1,6,39,electric,average,19.2,,0,508.9
BLDG-00807,148.1,3,7,electric,good,21.0,,0,408.7
BLDG-00808,89.7,1,68,electric,average,21.8,,0,287.5
BLDG-00809,453.8,2,42,heat_pump,poor,23.8,7.17,1,476.5
BLDG-00810,267.2,1,18,none,average,,0.0,1,262.8
BLDG-00811,434.2,3,7,gas,average,20.6,,0,356.8
BLDG-00812,474.9,2,13,electric,poor,24.1,1.81,1,628.3
BLDG-00813,418.5,1,7,none,poor,,,0,404.7
BLDG-00814,183.0,6,62,heat_pump,average,21.0,,0,431.8
BLDG-00815,78.9,3,71,gas,poor,24.2,0.0,1,426.9
BLDG-00816,475.8,1,31,gas,poor,17.0,0.0,1,575.2
BLDG-00817,126.7,3,58,none,average,,,0,224.9
BLDG-00818,130.8,4,41,gas,good,15.9,,0,140.2
BLDG-00819,83.8,2,6,heat_pump,average,19.3,0.0,1,99.7
BLDG-00820,135.5,3,17,gas,average,24.8,0.0,1,350.2
BLDG-00821,316.4,1,78,gas,average,20.5,0.0,1,515.2
BLDG-00822,477.2,4,45,gas,good,21.0,,0,498.6
BLDG-00823,84.7,3,13,gas,average,22.0,,0,206.9
BLDG-00824,270.0,2,3,gas,average,21.8,,0,296.7
BLDG-00825,91.9,5,42,gas,poor,20.1,,0,256.5
BLDG-00826,350.6,2,19,gas,average,22.4,0.0,1,397.9
BLDG-00827,130.5,4,62,gas,average,19.3,,0,224.3
BLDG-00828,231.8,4,67,gas,average,19.1,,0,395.2
BLDG-00829,385.4,4,62,electric,average,21.2,,0,515.6
BLDG-00830,461.7,3,65,gas,good,20.7,2.49,1,383.3
BLDG-00831,240.4,3,24,gas,good,21.0,0.0,1,302.0
BLDG-00832,177.1,2,62,none,poor,,0.0,1,387.8
BLDG-00833,389.0,3,2,none,average,,,0,298.8
BLDG-00834,457.5,1,36,heat_pump,poor,18.4,6.29,1,522.9
BLDG-00835,230.8,6,27,electric,average,21.7,0.0,1,507.0
BLDG-00836,197.2,3,18,electric,poor,19.0,,0,432.7
BLDG-00837,197.7,4,58,electric,poor,21.5,,0,674.5
BLDG-00838,189.8,4,17,electric,good,19.4,,0,259.6
BLDG-00839,241.7,2,40,electric,good,21.0,,0,472.5
BLDG-00840,478.0,5,56,gas,average,18.7,3.47,1,411.3
BLDG-00841,476.8,2,28,gas,poor,20.8,,0,542.9
BLDG-00842,457.2,1,52,electric,average,19.6,0.0,1,396.1
BLDG-00843,144.7,1,24,gas,average,20.8,0.0,1,281.9
BLDG-00844,400.4,1,61,electric,good,24.5,1.95,1,473.7
BLDG-00845,86.9,4,12,electric,good,18.5,0.0,1,310.4
BLDG-00846,46.6,3,70,electric,poor,19.9,0.0,1,394.7
BLDG-00847,62.0,5,74,gas,poor,21.8,0.0,1,226.6
BLDG-00848,319.7,1,77,electric,good,20.1,1.63,1,339.1
BLDG-00849,219.5,1,33,none,average,,4.43,1,206.4
BLDG-00850,118.6,2,58,heat_pump,poor,20.9,0.52,1,444.0
BLDG-00851,390.3,2,78,electric,average,19.9,1.55,1,466.7
BLDG-00852,338.1,7,31,electric,good,21.5,,0,452.6
BLDG-00853,216.1,3,9,gas,good,19.9,0.0,1,153.6
BLDG-00854,408.3,2,45,gas,average,18.9,0.0,1,370.5
BLDG-00855,144.7,2,1,none,good,,,0,158.6
BLDG-00856,383.9,1,23,heat_pump,good,20.6,1.81,1,303.4
BLDG-00857,112.6,3,12,gas,poor,21.0,,0,402.0
BLDG-00858,83.8,2,26,heat_pump,good,20.8,0.51,1,81.3
BLDG-00859,241.3,4,30,electric,poor,18.2,,0,467.6
BLDG-00860,269.9,2,23,heat_pump,poor,20.8,3.88,1,460.4
BLDG-00861,208.7,5,72,heat_pump,good,19.9,,0,272.6
BLDG-00862,215.9,4,35,gas,good,21.2,,0,209.9
BLDG-00863,405.7,5,79,gas,good,18.8,,0,324.8
BLDG-00864,427.2,6,28,electric,good,20.4,,0,563.3
BLDG-00865,102.5,4,2,gas,poor,22.8,,0,372.6
BLDG-00866,318.7,1,60,electric,poor,18.5,,0,452.9
BLDG-00867,445.7,4,44,electric,average,21.5,,0,601.4
BLDG-00868,400.8,5,46,electric,average,21.9,0.0,1,555.0
BLDG-00869,105.6,2,9,electric,average,21.4,1.51,1,328.4
BLDG-00870,197.0,4,69,none,poor,,,0,217.5
BLDG-00871,114.7,1,0,electric,poor,18.4,,0,322.5
BLDG-00872,293.9,3,69,electric,good,20.5,1.26,1,340.5
BLDG-00873,114.2,5,17,gas,good,21.6,0.0,1,229.3
BLDG-00874,232.7,2,68,heat_pump,good,19.3,,0,259.9
BLDG-00875,226.8,3,43,electric,poor,19.0,,0,563.9
BLDG-00876,115.0,2,50,gas,good,19.5,0.0,1,173.4
BLDG-00877,166.2,4,50,gas,average,21.6,0.0,1,432.9
BLDG-00878,286.1,4,11,electric,good,19.1,0.0,1,323.4
BLDG-00879,274.6,6,18,gas,poor,14.5,,0,437.0
BLDG-00880,456.0,1,75,gas,good,21.5,,0,402.2
BLDG-00881,117.1,5,0,heat_pump,poor,21.2,,0,267.9
BLDG-00882,295.2,2,63,none,poor,,,0,313.3
BLDG-00883,459.9,4,37,electric,poor,20.8,0.97,1,760.3
BLDG-00884,129.5,3,13,heat_pump,good,21.6,0.0,1,123.4
BLDG-00885,341.7,2,62,electric,poor,19.0,,0,591.3
BLDG-00886,420.9,1,24,heat_pump,average,19.7,2.69,1,343.5
BLDG-00887,59.9,4,72,gas,poor,16.4,0.0,1,316.5
BLDG-00888,157.1,2,14,gas,average,22.9,,0,277.0
BLDG-00889,401.1,2,10,none,average,,0.0,1,424.4
BLDG-00890,349.4,2,64,gas,average,21.9,,0,393.3
BLDG-00891,352.7,1,8,none,average,,0.0,1,211.7
BLDG-00892,87.7,3,57,gas,good,20.2,2.77,1,194.5
BLDG-00893,198.5,1,63,gas,poor,22.0,,0,346.1
BLDG-00894,453.5,2,15,none,average,,2.3,1,409.9
BLDG-00895,377.8,4,4,electric,average,18.9,2.07,1,473.8
BLDG-00896,140.0,3,30,heat_pump,poor,17.9,,0,297.7
BLDG-00897,354.6,2,74,electric,average,19.1,,0,595.5
BLDG-00898,121.5,2,16,electric,good,21.1,0.0,1,335.9
BLDG-00899,53.7,4,21,heat_pump,poor,19.1,,0,173.6
BLDG-00900,52.7,8,54,heat_pump,average,17.3,,0,332.8
